dia,id_vuelo,origen,destino_programado,destino_final,redirigido,es_exterior,salida_programada,llegada_real,retraso_total_min,retraso_por_redireccion_min,combustible_consumido_l,tipo_aeronave,capacidad_combustible_l,combustible_restante_est_l,tiempo_total_min,tiempo_rodaje_min,tiempo_despegue_min,tiempo_crucero_min,tiempo_aproximacion_min,tiempo_aterrizaje_min,tiempo_espera_cola_min,dist_rodaje_km,dist_despegue_km,dist_crucero_km,dist_aproximacion_km,dist_aterrizaje_km,velocidad_crucero_kmh,velocidad_despegue_kmh,velocidad_aproximacion_kmh,velocidad_aterrizaje_kmh,viento_despegue,viento_crucero,viento_aproximacion,viento_aterrizaje,distancia_plan_km,distancia_ruta_km
5,A4A2800035,A4,A28,A28,False,False,6125.0,6162.023944134485,22.023944134484736,0.0,1222.5469948964335,corto_radio,20000.0,18777.453005103565,37.023944134484736,4.258787811420859,3.716606676954769,12.378115654894918,4.0,2.6704339912143906,0.0,4.0,15.867870514661933,152.72825370362108,19.834838143327417,9.917419071663709,740.3142350341093,256.1670667986325,399.0,222.82713081749807,en_contra,en_contra,a_favor,en_contra,198.34838143327414,198.34838143327414
5,A30A1900117,A30,A19,A19,False,False,6125.0,6187.999080507393,25.999080507393046,0.0,2327.3241847830222,corto_radio,20000.0,17672.67581521698,62.999080507393046,4.738271575394551,8.113447082741859,26.318061386095167,7.748106389232375,6.081194073928225,0.0,4.0,39.2570723721107,377.84932158156545,49.07134046513838,24.53567023256919,861.4220843360392,290.31117332814966,380.0,242.08078151388506,a_favor,a_favor,neutro,neutro,490.7134046513837,490.7134046513837
5,A5A2400043,A5,A24,A24,False,False,6143.0,6189.431677382658,24.431677382657654,0.0,1670.103252930015,corto_radio,20000.0,18329.896747069986,46.431677382657654,4.608494316561356,5.014079407110994,17.84338360533589,5.022449751142208,3.943270302506564,0.0,4.0,22.902370865208464,220.43531957763145,28.62796358151058,14.31398179075529,741.2338078470019,274.0567391022352,342.0,217.7986395960204,a_favor,en_contra,en_contra,en_contra,286.2796358151058,286.2796358151058
5,A36A4400172,A36,A44,A44,False,False,6153.0,6205.762053185383,25.762053185382683,0.0,2004.9463706187955,corto_radio,20000.0,17995.053629381204,52.76205318538268,5.035943662131132,6.694925459443906,21.62685054200547,5.341309270923637,4.063024250878319,0.0,4.0,28.415765321313753,273.50174121764485,35.51970665164219,17.759853325821094,758.7838294432015,254.66242000854803,399.0,262.2655277823933,en_contra,en_contra,a_favor,a_favor,355.1970665164219,355.1970665164219
5,A30A400036,A30,A4,A4,False,False,6120.0,6209.488812271021,31.488812271020834,0.0,4293.853633449095,medio_radio,32000.0,27706.146366550907,89.48881227102083,4.334148616302355,13.666998365378596,37.633695261828294,13.470237440882466,10.383732586628444,0.0,4.0,61.42428273042404,591.2087212803314,76.78035341303006,38.39017670651503,942.5734844805294,269.66103787364796,342.0,221.82876756255234,a_favor,a_favor,en_contra,en_contra,767.8035341303005,767.8035341303005
5,A28A3600142,A28,A36,A36,False,False,6179.0,6219.8012689241,23.80126892410044,0.0,1335.619237427862,corto_radio,20000.0,18664.38076257214,40.80126892410044,6.7851375668979825,4.733543703744079,12.211290726894006,4.0,3.0712969265653074,0.0,4.0,17.88855012424646,172.17729494587218,22.360687655308077,11.180343827654038,845.9906432331721,226.74619157014058,342.0,218.4160781906015,en_contra,neutro,en_contra,en_contra,223.60687655308075,223.60687655308075
5,A20A2800119,A20,A28,A28,False,False,6189.0,6226.647872794735,20.64787279473512,0.0,1229.523940549999,corto_radio,20000.0,18770.47605945,37.64787279473512,4.354692296435718,4.594986159398506,11.6429967112755,4.0,3.0551976276253514,0.0,4.0,17.632112108837106,169.7090790475571,22.040140136046382,11.020070068023191,874.5639112817305,230.23501917766632,399.0,216.41945453961077,en_contra,neutro,a_favor,en_contra,220.4014013604638,220.4014013604638
5,A33A1600106,A33,A16,A16,False,False,6187.0,6226.757271222679,22.757271222679265,0.0,1289.373212773204,corto_radio,20000.0,18710.626787226796,39.757271222679265,5.963556931861423,4.732123506468034,12.459518051175793,4.0,2.602072733173781,0.0,4.0,18.0311548458404,173.54986539121384,22.5389435573005,11.26947177865025,835.7459639050938,228.6223699089186,399.0,259.85757357915355,en_contra,neutro,a_favor,a_favor,225.389435573005,225.389435573005
5,A2A600007,A2,A6,A6,False,False,6185.0,6228.3645708805,20.36457088049974,0.0,1478.438816760005,corto_radio,20000.0,18521.561183239995,43.36457088049974,4.0181136729274565,5.397798378897796,16.018518716000678,4.461959499456248,3.468180613217294,0.0,4.0,23.73762453710724,228.47463616965717,29.67203067138405,14.836015335692025,855.7893781081157,263.85896105242466,399.0,256.6650989135639,a_favor,neutro,a_favor,a_favor,296.7203067138405,296.7203067138405
5,A2A3800015,A2,A38,A38,False,False,6136.0,6231.12783244932,32.12783244931961,0.0,4666.989666880544,medio_radio,32000.0,27333.010333119455,95.12783244931961,5.416535923323959,15.051320789768637,41.902552468896154,13.102841779591474,9.654581487739605,0.0,4.0,66.38773168326347,638.9819174514108,82.98466460407934,41.49233230203967,914.9541683777675,264.645472422825,380.0,257.86098975743874,a_favor,neutro,neutro,a_favor,829.8466460407933,829.8466460407933
5,A43A2700140,A43,A27,A27,False,False,6185.0,6236.92743598999,21.927435989990045,0.0,1814.2272073459908,corto_radio,20000.0,18185.77279265401,51.927435989990045,4.171754299404782,6.347723346404949,20.738059702207906,5.984939765545041,4.684958876428243,0.0,4.0,31.839879552699617,306.4588406947338,39.799849440874524,19.899924720437262,886.6562593474632,300.95715722140494,399.0,254.85719612901354,a_favor,a_favor,a_favor,a_favor,397.9984944087452,397.9984944087452
5,A6A3200050,A6,A32,A32,False,False,6211.0,6248.496132046103,23.496132046103412,0.0,1109.9406885871313,corto_radio,20000.0,18890.059311412868,37.49613204610341,4.826778836309692,3.0904421316352635,11.018331900199076,4.0,2.4909677469866582,0.0,4.0,14.598796729934817,140.5134185256226,18.24849591241852,9.12424795620926,765.1616585796468,283.43122649981615,342.0,219.77597985153187,a_favor,en_contra,en_contra,en_contra,182.4849591241852,182.4849591241852
5,A25A4800135,A25,A48,A48,False,False,6195.0,6251.8935792219845,27.89357922198451,0.0,2128.5792653385574,corto_radio,20000.0,17871.420734661442,56.89357922198451,6.7055789202500655,7.721952055011737,20.626554557058345,6.635236171089606,5.204257518574341,0.0,4.0,30.256676940168603,291.2205155491228,37.820846175210754,18.910423087605377,847.1231045694968,235.09607460355522,342.0,218.0186858945333,en_contra,neutro,en_contra,en_contra,378.20846175210755,378.20846175210755
5,A46A700060,A46,A7,A7,False,False,6224.0,6256.812505180386,18.812505180386324,0.0,980.6871506440698,corto_radio,20000.0,19019.31284935593,32.812505180386324,4.127674185909099,3.360534735306908,9.324296259170174,4.0,2.0,0.0,4.0,13.93092559029039,134.085158806545,17.41365698786299,8.706828493931495,862.8114449367231,248.72694414839518,399.0,261.75722269396215,en_contra,neutro,a_favor,a_favor,174.13656987862987,174.13656987862987
5,A34A200014,A34,A2,A2,False,False,6205.0,6262.371996345212,22.37199634521221,0.0,2077.9510908068673,corto_radio,20000.0,17922.048909193134,57.37199634521221,4.002642770014742,8.022910288339174,23.245251539306807,6.842532462432441,5.258659285118244,0.0,4.0,36.402272700140585,350.3718747388531,45.502840875175735,22.751420437587868,904.3701871233047,272.23741554021217,399.0,259.5880722142236,a_favor,a_favor,a_favor,a_favor,455.0284087517573,455.0284087517573
5,A27A4000139,A27,A40,A40,False,False,6234.0,6267.983165214933,20.98316521493325,0.0,954.3613820244933,corto_radio,20000.0,19045.638617975506,33.98316521493325,6.416642672626335,2.947520106126687,8.54275553015576,4.0,2.076246906024406,0.0,4.0,13.503176870965433,129.9680773830423,16.87897108870679,8.439485544353396,912.8301302144783,274.87195441818074,342.0,243.88676086255973,neutro,a_favor,en_contra,neutro,168.7897108870679,168.7897108870679
5,A26A4700138,A26,A47,A47,False,False,6208.0,6268.944868246396,27.944868246396254,0.0,2348.5165690352233,corto_radio,20000.0,17651.483430964778,60.944868246396254,5.5662892374649795,7.171591165051721,25.496199618853062,6.87553795354139,5.835250271484894,0.0,4.0,34.836058964609705,335.2970675343684,43.545073705762135,21.772536852881068,789.0518725459797,291.45045914807224,380.0,223.87252480953777,a_favor,en_contra,neutro,en_contra,435.4507370576213,435.4507370576213
5,A3A1800022,A3,A18,A18,False,False,6202.0,6279.741968756662,28.741968756661663,0.0,3025.7075869086098,corto_radio,20000.0,16974.29241309139,77.74196875666166,4.134135070511844,10.850261982217631,33.52533655997777,10.282646413605336,8.949588730350275,0.0,4.0,52.0987418289337,501.4503901034868,65.12342728616713,32.561713643083564,897.4413531205773,288.09668511774765,380.0,218.30084906131196,a_favor,a_favor,neutro,en_contra,651.2342728616712,651.2342728616712
5,A28EXTERIOR00111,A28,EXTERIOR,EXTERIOR,False,True,6120.0,6279.878818469383,24.878818469383077,0.0,9558.297236757224,medio_radio,32000.0,22441.702763242778,159.87881846938308,4.548465811158498,35.02449011590038,91.88480991074564,28.421052631578945,0.0,0.0,4.0,144.0,1386.0,180.0,90.0,905.0462212500555,246.68453334821348,380.0,0.0,en_contra,neutro,neutro,neutro,1800.0,1800.0
5,A41A300032,A41,A3,A3,False,False,6197.0,6280.627978172856,28.627978172856274,0.0,3992.0900027448033,medio_radio,32000.0,28007.909997255196,83.62797817285627,5.3420146730407,13.5316032906577,35.30465331447123,10.909885340749087,8.539821553937287,0.0,4.0,58.04059001278513,558.6406788730569,72.55073751598142,36.27536875799071,949.4057464273228,257.3557121033398,399.0,254.8674011198696,en_contra,a_favor,a_favor,a_favor,725.5073751598142,725.5073751598142
5,A32A3700152,A32,A37,A37,False,False,6177.0,6281.474574155949,37.474574155949085,0.0,5412.11439202113,medio_radio,32000.0,26587.88560797887,104.47457415594909,6.710596318091156,15.991078555486776,48.2707641508401,13.247655612023076,10.254479519508441,0.0,4.0,70.47752785596275,678.3462056136415,88.09690981995345,44.048454909976726,843.1764661863165,264.43817761791007,399.0,257.7319784559181,en_contra,en_contra,a_favor,a_favor,880.9690981995344,880.9690981995344
5,A20A3400120,A20,A34,A34,False,False,6247.0,6291.154881538959,21.15488153895876,0.0,1554.1094031227829,corto_radio,20000.0,18445.890596877216,44.15488153895876,4.426063445279822,6.090801763645052,15.820654915206429,4.438503732369729,3.3788576824582237,0.0,4.0,23.612839856206957,227.27358361599195,29.516049820258697,14.758024910129349,861.9374539199717,232.60819287025168,399.0,262.0653421435453,en_contra,neutro,a_favor,a_favor,295.16049820258695,295.16049820258695
5,A44A2000122,A44,A20,A20,False,False,6266.0,6295.152759567011,21.152759567011344,0.0,728.7326277790437,corto_radio,20000.0,19271.267372220955,29.152759567011344,5.599609933709657,2.0,5.5531496333013255,4.0,2.0,0.0,4.0,8.326649831982019,80.14400463282693,10.408312289977523,5.204156144988762,865.930254991328,267.5996343163011,342.0,222.2552203797236,a_favor,a_favor,en_contra,en_contra,104.08312289977523,104.08312289977523
5,A38A3400161,A38,A34,A34,False,False,6245.0,6299.7420489799915,25.742048979991523,0.0,1972.8450402887702,corto_radio,20000.0,18027.15495971123,54.74204897999152,6.387789270640814,6.583847250662401,21.367512716190735,5.8064325957128355,4.596467146785709,0.0,4.0,30.890221409192286,297.3183810634757,38.61277676149036,19.30638838074518,834.8703520504462,281.50915627106406,399.0,252.0160083499702,neutro,neutro,a_favor,a_favor,386.1277676149036,386.1277676149036
5,A38A4700174,A38,A47,A47,False,False,6231.0,6305.152134545692,29.152134545692206,0.0,2966.5738660647467,corto_radio,20000.0,17033.426133935252,74.1521345456922,4.536440039099344,9.760299959955038,32.60192461383904,9.312839802725863,7.940630130073502,0.0,4.0,47.1850550004777,454.15615437959787,58.98131875059713,29.490659375298566,835.8208782314929,290.06314474393514,380.0,222.83364588617798,neutro,neutro,neutro,en_contra,589.8131875059713,589.8131875059713
5,A28A3800143,A28,A38,A38,False,False,6247.0,6308.912811092269,27.912811092269294,0.0,2370.391542885945,corto_radio,20000.0,17629.608457114056,61.912811092269294,6.059045596154833,8.485359008120783,24.885417399581307,7.129181502305915,5.353807586106514,0.0,4.0,36.12118627834997,347.66641792911844,45.15148284793746,22.57574142396873,838.2413178288932,255.41302078401682,380.0,253.0058213061778,en_contra,neutro,neutro,a_favor,451.51482847937456,451.51482847937456
5,A15A2800102,A15,A28,A28,False,False,6210.0,6312.03852066183,37.03852066183026,0.0,5194.010721186249,medio_radio,32000.0,26805.98927881375,102.03852066183026,5.67637768072309,13.51363766280573,48.45134579142224,12.839678413925634,11.557481112952747,0.0,4.0,68.30708916208438,657.4557331850622,85.38386145260547,42.691930726302736,814.1640515192342,303.2806896255156,399.0,221.63270859317365,a_favor,en_contra,a_favor,en_contra,853.8386145260547,853.8386145260547
5,A34A500045,A34,A5,A5,False,False,6261.0,6315.524409737176,23.52440973717603,0.0,1909.5543091587983,corto_radio,20000.0,18090.445690841203,54.52440973717603,5.23101054492613,6.555862990914953,21.79878877883979,6.1698885037167255,4.7688589187794035,0.0,4.0,32.82380683977298,315.92914083281494,41.02975854971623,20.514879274858114,869.5780596933602,300.40719476834585,399.0,258.1105412123485,a_favor,a_favor,a_favor,a_favor,410.29758549716223,410.29758549716223
5,A1A1400003,A1,A14,A14,False,False,6160.0,6319.051490349826,47.051490349826054,0.0,8348.920107938837,medio_radio,32000.0,23651.079892061163,159.05149034982605,4.772192274036445,23.885775708485767,77.72406110029166,23.496260845909777,18.30450734483126,0.0,4.0,119.04772161927622,1145.8343205855335,148.80965202409527,74.40482601204764,884.5402345410131,299.04255086088614,380.0,243.89017833814918,neutro,neutro,neutro,neutro,1488.0965202409527,1488.0965202409527
5,A21A4700126,A21,A47,A47,False,False,6263.0,6323.942950938725,25.942950938724607,0.0,2329.166118707324,corto_radio,20000.0,17670.833881292674,60.94295093872461,4.069600837817308,8.98683701216982,24.350653258739722,7.295375075910101,6.240484754088637,0.0,4.0,36.96323371794451,355.7711245352159,46.20404214743064,23.10202107371532,876.619910164075,246.78249088899378,380.0,222.11756282470864,en_contra,a_favor,neutro,en_contra,462.04042147430636,462.04042147430636
5,A8A2800062,A8,A28,A28,False,False,6204.0,6324.528020568423,37.52802056842302,0.0,6182.993414397842,medio_radio,32000.0,25817.006585602157,120.52802056842302,4.65403253787661,22.885482520227548,51.89208960031108,16.471909058829578,14.62450685117813,0.0,4.0,87.63055619297334,843.4441033573685,109.53819524121668,54.76909762060834,975.228528880416,229.745357867426,399.0,224.7013106614103,en_contra,a_favor,a_favor,en_contra,1095.3819524121668,1095.3819524121668
5,A3A1600021,A3,A16,A16,False,False,6277.0,6325.746782451748,21.746782451748004,0.0,1644.2175854105167,corto_radio,20000.0,18355.782414589485,48.746782451748004,5.144982562107251,5.471926900165178,18.640322331496634,5.34015943597367,4.1493912220046125,0.0,4.0,28.409648199379927,273.44286391903177,35.51206024922491,17.756030124612455,880.165672211561,311.5134619052277,399.0,256.7513523012806,a_favor,a_favor,a_favor,a_favor,355.1206024922491,355.1206024922491
5,A33A3400156,A33,A34,A34,False,False,6289.0,6330.046023386396,21.046023386395973,0.0,1383.3788508361151,corto_radio,20000.0,18616.621149163886,41.04602338639597,4.713106586591782,4.847753739118573,14.45657867149078,4.0,3.028584389195181,0.0,4.0,20.995990251506974,202.08640617075463,26.24498781438372,13.12249390719186,838.7312548685431,259.86456467969634,399.0,259.9728233561762,en_contra,neutro,a_favor,a_favor,262.44987814383717,262.44987814383717
5,A27A1500101,A27,A15,A15,False,False,6294.0,6331.45522982621,19.45522982620969,0.0,1153.3361499938528,corto_radio,20000.0,18846.663850006145,37.45522982620969,4.546604195902355,3.8156959664005696,12.354556803817845,4.0,2.73837286008923,0.0,4.0,19.048979075952424,183.34642360604207,23.81122384494053,11.905611922470264,890.42331433233,299.5361146751178,399.0,260.8617422993811,neutro,a_favor,a_favor,a_favor,238.11223844940528,238.11223844940528
5,A24A3200131,A24,A32,A32,False,False,6246.0,6331.664239446617,31.664239446617103,0.0,4186.354110101401,medio_radio,32000.0,27813.6458898986,85.6642394466171,4.405992942682178,13.357285884765092,35.67497709623632,12.588680265310616,9.637303257623659,0.0,4.0,57.40438200981641,552.517176844483,71.75547751227052,35.87773875613526,929.2516298256121,257.856494972336,342.0,223.36791401321057,en_contra,a_favor,en_contra,en_contra,717.5547751227051,717.5547751227051
5,A32A2500133,A32,A25,A25,False,False,6250.0,6338.419318238626,39.41931823862615,0.0,3816.8336322287405,corto_radio,20000.0,16183.16636777126,88.41931823862615,5.365732401354301,12.810118952860797,40.13161347923809,11.297426757758322,8.814426647415647,0.0,4.0,51.516266015377944,495.84406039801263,64.39533251922244,32.19766625961122,741.3268753640348,241.29174540041174,342.0,219.17023680072106,en_contra,en_contra,en_contra,en_contra,643.9533251922243,643.9533251922243
5,A46A3300160,A46,A33,A33,False,False,6286.0,6340.043015084617,26.043015084616854,0.0,1975.5557787024018,corto_radio,20000.0,18024.4442212976,54.043015084616854,6.641375441152467,6.6570632364644355,19.304206408156407,6.3876812798962606,5.05268871894683,0.0,4.0,29.12782663632695,280.3553313746469,36.40978329540869,18.204891647704343,871.3810620762673,262.52861601293785,342.0,216.18064353862184,en_contra,neutro,en_contra,en_contra,364.09783295408687,364.09783295408687
5,A45A3200154,A45,A32,A32,False,False,6245.0,6340.197507737206,36.19750773720625,0.0,4851.0770578973825,medio_radio,32000.0,27148.922942102618,95.19750773720625,4.947338466312755,13.635472071728142,42.46792916397856,13.619525918266413,10.527242116919938,0.0,4.0,62.105038187294845,597.7609925527129,77.63129773411856,38.81564886705928,844.5351647516675,273.280035457212,342.0,221.2297300810023,a_favor,en_contra,en_contra,en_contra,776.3129773411855,776.3129773411855
5,A22A2700127,A22,A27,A27,False,False,6309.0,6345.3408047890925,20.340804789092545,0.0,1109.8923205813117,corto_radio,20000.0,18890.10767941869,36.340804789092545,5.357766302168302,3.696707238294174,10.87959373777054,4.0,2.4067375108598386,0.0,4.0,16.548817600168654,159.2823694016233,20.68602200021082,10.34301100010541,878.4282202485824,268.5982394614243,399.0,257.8514097221238,neutro,neutro,a_favor,a_favor,206.86022000210818,206.86022000210818
5,A7A4000058,A7,A40,A40,False,False,6284.0,6350.057551984112,28.05755198411225,0.0,2446.2701792109297,corto_radio,20000.0,17553.72982078907,66.05755198411225,6.284086756221072,9.04866873580568,25.74285043897127,8.794959695392054,6.186986357721728,0.0,4.0,40.10501621098776,386.0107810307572,50.131270263734706,25.065635131867353,899.6923987400896,265.9287286247431,342.0,243.08088315647194,a_favor,a_favor,en_contra,neutro,501.312702637347,501.312702637347
5,A3A2000023,A3,A20,A20,False,False,6315.0,6352.203047169966,21.20304716996634,0.0,1102.5585628895285,corto_radio,20000.0,18897.441437110472,37.20304716996634,6.340028830227085,3.480336542656934,10.586739763738887,4.0,2.795942033343458,0.0,4.0,16.636079330898994,160.1222635599028,20.795099163623743,10.397549581811871,907.4876711809503,286.8012181063179,342.0,223.12800747256307,a_favor,a_favor,en_contra,en_contra,207.9509916362374,207.9509916362374
5,A7A4400059,A7,A44,A44,False,False,6287.0,6364.914347122488,27.914347122487925,0.0,2903.194240936995,corto_radio,20000.0,17096.805759063005,77.91434712248792,4.135364476896384,10.713551065621129,33.25949157925844,9.884283877061437,7.772933844326369,0.0,4.0,52.58439022596684,506.1247559249309,65.73048778245855,32.86524389122928,913.0471908486381,294.4927778131697,399.0,253.6898773315946,a_favor,a_favor,a_favor,a_favor,657.3048778245856,657.3048778245856
5,A2A2200010,A2,A22,A22,False,False,6304.0,6365.359206083464,26.359206083464414,0.0,2333.8481847746134,corto_radio,20000.0,17666.151815225385,61.359206083464414,4.221877917559128,7.399403140975174,25.998329583720608,8.150561328586816,5.5890341126223975,0.0,4.0,37.16655965835588,357.72813671167535,46.45819957294485,23.229099786472425,825.5795101597779,301.37479158994165,342.0,249.37152987502418,a_favor,neutro,en_contra,neutro,464.58199572944847,464.58199572944847
5,A45A4300178,A45,A43,A43,False,False,6248.0,6365.509267063117,41.50926706311657,0.0,6104.367790246169,medio_radio,32000.0,25895.632209753832,117.50926706311657,4.222768868236936,17.897194754601234,57.883081445200446,15.046782255147024,11.734870141854747,0.0,4.0,80.04888159738216,770.4704853748033,100.0611019967277,50.03055099836385,798.6483782183188,268.36233061654156,399.0,255.80454011120213,a_favor,en_contra,a_favor,a_favor,1000.611019967277,1000.611019967277
5,A32A4400153,A32,A44,A44,False,False,6289.0,6366.815306352171,33.81530635217132,0.0,3231.1444782460003,corto_radio,20000.0,16768.855521753998,77.81530635217132,5.356973674541679,11.442668006371404,35.09210500261472,8.638145825219373,6.6738930740093565,0.0,4.0,45.95493579016706,442.316256980358,57.44366973770883,28.721834868854415,756.2662717680815,240.96619301326675,399.0,258.2166170510704,en_contra,en_contra,a_favor,a_favor,574.4366973770883,574.4366973770883
5,A7A200008,A7,A2,A2,False,False,6267.0,6370.986289027094,33.986289027094244,0.0,4963.287732613995,medio_radio,32000.0,27036.712267386007,103.98628902709424,6.748696914076388,16.54109032537729,45.939109193275755,13.904820304310439,10.852572290054717,0.0,4.0,73.97364401893152,711.9963236822159,92.46705502366441,46.23352751183221,929.9218067377323,268.3268487039505,399.0,255.60867751620816,a_favor,a_favor,a_favor,a_favor,924.6705502366441,924.6705502366441
5,A31EXTERIOR00151,A31,EXTERIOR,EXTERIOR,False,True,6220.0,6374.1003387898,19.100338789799935,0.0,8877.367394347839,medio_radio,32000.0,23122.63260565216,154.10033878979993,5.435207595949613,32.6186153650304,87.6254631972404,28.421052631578945,0.0,0.0,4.0,144.0,1386.0,180.0,90.0,949.0392057935388,264.87942248041367,380.0,0.0,en_contra,a_favor,neutro,neutro,1800.0,1800.0
5,A26A3600136,A26,A36,A36,False,False,6278.0,6378.90443764038,39.90443764037991,0.0,5155.104505461565,medio_radio,32000.0,26844.895494538436,100.90443764037991,6.135004206794896,13.657446531799664,46.318583908986696,14.035539380965528,10.75786361183209,0.0,4.0,64.0020595772028,616.0198234305769,80.00257447150351,40.001287235751754,797.9775348586043,281.17434439087265,342.0,223.09980129375953,a_favor,en_contra,en_contra,en_contra,800.025744715035,800.025744715035
5,A10A700053,A10,A7,A7,False,False,6158.0,6380.18356605809,71.18356605809004,0.0,12615.641379833276,medio_radio,32000.0,19384.358620166724,222.18356605809004,4.010171087626844,40.02253739054709,114.90540331933691,30.089716641038315,23.155737619540666,0.0,4.0,160.0772925303238,1540.7439406043666,200.09661566290478,100.04830783145239,804.5281924588563,239.98072531223232,399.0,259.2402180624735,en_contra,en_contra,a_favor,a_favor,2000.9661566290476,2000.9661566290476
5,A12EXTERIOR00086,A12,EXTERIOR,EXTERIOR,False,True,6228.0,6380.379833439742,17.37983343974156,0.0,8863.317270230538,medio_radio,32000.0,23136.68272976946,152.37983343974156,4.20180564760353,34.88721968775499,84.86975547280397,28.421052631578945,0.0,0.0,4.0,144.0,1386.0,180.0,90.0,979.8543607993328,247.65516075310927,380.0,0.0,en_contra,a_favor,neutro,neutro,1800.0,1800.0
5,A33EXTERIOR00158,A33,EXTERIOR,EXTERIOR,False,True,6224.0,6380.535298914729,21.535298914728628,0.0,9298.815415558543,medio_radio,32000.0,22701.184584441457,156.53529891472863,4.940571255937854,32.3534100581407,90.82026496907028,28.421052631578945,0.0,0.0,4.0,144.0,1386.0,180.0,90.0,915.6546727574616,267.0506751675785,380.0,0.0,en_contra,neutro,neutro,neutro,1800.0,1800.0
5,A30A1700112,A30,A17,A17,False,False,6313.0,6384.975739695931,28.975739695931225,0.0,2727.783462800709,corto_radio,20000.0,17272.216537199292,71.97573969593122,5.64066849853529,9.07461760713642,29.76162625845707,9.925792769242184,7.573034562560762,0.0,4.0,45.261615027744355,435.6430446420394,56.57701878468045,28.288509392340224,878.2645965488805,299.26295732053717,342.0,224.12555357022973,a_favor,a_favor,en_contra,en_contra,565.7701878468044,565.7701878468044
5,A9A300019,A9,A3,A3,False,False,6230.0,6385.33618156202,40.3361815620201,0.0,7808.687354757825,medio_radio,32000.0,24191.312645242175,155.3361815620201,4.679215163278697,24.89171139957541,75.08180677458486,22.882804010562165,17.800644214018778,0.0,4.0,121.73651733619072,1171.7139793608358,152.1706466702384,76.0853233351192,936.3498533368753,293.4386841836851,399.0,256.45810034852127,a_favor,a_favor,a_favor,a_favor,1521.706466702384,1521.706466702384
5,A31A2900145,A31,A29,A29,False,False,6185.0,6387.610311296244,56.61031129624371,0.0,10819.8165604169,medio_radio,32000.0,21180.1834395831,202.6103112962437,5.197350983633708,35.020755874852085,91.82385920771648,34.13172106273549,26.43662416730527,0.0,4.0,155.6406480460738,1498.0412374434604,194.55081005759226,97.27540502879613,978.8575106964605,266.65440677910186,342.0,220.7741905619675,en_contra,a_favor,en_contra,en_contra,1945.5081005759225,1945.5081005759225
5,A12A1500085,A12,A15,A15,False,False,6198.0,6394.308129938274,48.30812993827385,0.0,10349.21711011724,medio_radio,32000.0,21650.782889882757,196.30812993827385,4.655084546722805,35.76018974754545,93.51533820337092,29.533152173468288,22.59221750907941,0.0,4.0,157.1163695628513,1512.2450570424435,196.3954619535641,98.19773097678205,970.2654683793457,263.6166709495197,399.0,260.7917463719127,en_contra,a_favor,a_favor,a_favor,1963.954619535641,1963.954619535641
5,A9A3200071,A9,A32,A32,False,False,6201.0,6395.567622716296,51.56762271629577,0.0,10058.64198082678,medio_radio,32000.0,21941.358019173218,194.56762271629577,5.207274437601986,29.546114091185295,91.30971011977803,33.22689873677639,25.27762533095418,0.0,4.0,151.51465823970034,1458.3285855571157,189.39332279962542,94.69666139981271,958.2739340498046,307.6844374974565,342.0,224.7758485853895,a_favor,a_favor,en_contra,en_contra,1893.9332279962541,1893.9332279962541
5,A29A3600147,A29,A36,A36,False,False,6255.0,6399.522813592608,48.522813592608145,0.0,7722.089813739313,medio_radio,32000.0,24277.910186260688,144.52281359260814,4.76841008543102,23.360885495252603,66.20740474962675,22.437488336601845,17.748624925695477,0.0,4.0,102.31494681490442,984.781363093455,127.89368351863052,63.94684175931526,892.4512599316228,262.7852788432104,342.0,216.17508520359758,en_contra,neutro,en_contra,en_contra,1278.9368351863052,1278.9368351863052
5,A23A2100123,A23,A21,A21,False,False,6315.0,6403.520903633506,33.52090363350635,0.0,4331.789708096227,medio_radio,32000.0,27668.21029190377,88.52090363350635,5.6892609813745505,14.75380372312384,35.40702477889284,12.800403340920603,9.870410809193366,0.0,4.0,58.36983923459795,561.8097026330053,72.96229904324744,36.48114952162372,952.0309138788465,237.37541991200857,342.0,221.7606757824807,en_contra,a_favor,en_contra,en_contra,729.6229904324744,729.6229904324744
5,A11A4100082,A11,A41,A41,False,False,6171.0,6407.596783004989,69.59678300498945,0.0,12923.355068846082,medio_radio,32000.0,19076.644931153918,236.59678300498945,5.5630372065000255,39.346857998354444,112.30212407543334,38.910820373389235,30.473943351312332,0.0,4.0,177.4333409026549,1707.7959061880533,221.7916761283186,110.8958380641593,912.4293526492482,270.5679943899085,342.0,218.34228039158643,neutro,neutro,en_contra,en_contra,2217.916761283186,2217.916761283186
5,A29EXTERIOR00026,A29,EXTERIOR,EXTERIOR,False,True,6247.0,6407.929388336229,25.92938833622884,0.0,9623.023117697474,medio_radio,32000.0,22376.976882302526,160.92938833622884,5.340593186689401,36.7237878897886,90.4439546281717,28.421052631578945,0.0,0.0,4.0,144.0,1386.0,180.0,90.0,919.464438965356,235.26984814119444,380.0,0.0,en_contra,neutro,neutro,neutro,1800.0,1800.0
5,A40EXTERIOR00175,A40,EXTERIOR,EXTERIOR,False,True,6245.0,6408.971437716017,28.971437716017135,0.0,9959.260500815291,medio_radio,32000.0,22040.73949918471,163.97143771601714,4.028868524202555,32.750166261045116,98.77135029919096,28.421052631578945,0.0,0.0,4.0,144.0,1386.0,180.0,90.0,841.9445491845338,263.8154545882993,380.0,0.0,neutro,en_contra,neutro,neutro,1800.0,1800.0
5,A45A3500169,A45,A35,A35,False,False,6333.0,6420.335587193031,33.33558719303073,0.0,4383.128997238242,medio_radio,32000.0,27616.871002761756,87.33558719303073,4.5858733205013955,10.941290702045825,40.86720124349242,11.205052114722761,9.736169812267496,0.0,4.0,56.77226404792865,546.4330414613132,70.96533005991081,35.482665029955406,802.2566138634106,311.32852015702275,380.0,218.6650338734696,a_favor,en_contra,neutro,en_contra,709.6533005991081,709.6533005991081
5,A21EXTERIOR00124,A21,EXTERIOR,EXTERIOR,False,True,6268.0,6424.021242127682,21.021242127681944,0.0,8990.430324873483,medio_radio,32000.0,23009.569675126517,156.02124212768194,5.797493753655709,33.36476902541997,88.43792671702738,28.421052631578945,0.0,0.0,4.0,144.0,1386.0,180.0,90.0,940.3205512278117,258.9557863690695,380.0,0.0,en_contra,a_favor,neutro,neutro,1800.0,1800.0
5,A13A1600088,A13,A16,A16,False,False,6235.0,6434.896780309801,63.896780309801215,0.0,11213.515250944034,medio_radio,32000.0,20786.484749055966,199.89678030980122,5.058495262626385,34.91457554201102,101.8350617330942,27.12644355864737,20.962204213421597,0.0,4.0,144.31267973200403,1389.0095424205388,180.39084966500502,90.19542483250251,818.3878040322181,247.99845478578345,399.0,258.1658605579824,en_contra,en_contra,a_favor,a_favor,1803.9084966500502,1803.9084966500502
5,A10A2300075,A10,A23,A23,False,False,6234.0,6436.650140845676,69.6501408456761,0.0,11442.598213330873,medio_radio,32000.0,20557.40178666913,202.6501408456761,5.510063304692594,34.21674385226871,97.62698832662059,31.062092374068477,24.234252988026167,0.0,4.0,141.64314122575226,1363.3152342978653,177.0539265321903,88.52696326609515,837.8719395112926,248.37513792188741,342.0,219.178111187917,en_contra,en_contra,en_contra,en_contra,1770.539265321903,1770.539265321903
5,A28A3300141,A28,A33,A33,False,False,6344.0,6436.924761910455,33.924761910455345,0.0,4660.020810422055,medio_radio,32000.0,27339.979189577945,92.92476191045535,6.062402075276891,14.164485121106592,38.68968988559297,13.567275519983305,10.44090930849643,0.0,4.0,61.86677637112386,595.4677225720671,77.33347046390483,38.666735231952416,923.45178935198,262.0643497119529,342.0,222.20326270138278,en_contra,neutro,en_contra,en_contra,773.3347046390483,773.3347046390483
5,A15A700056,A15,A7,A7,False,False,6354.0,6450.780016705991,35.78001670599133,0.0,4914.087265620032,medio_radio,32000.0,27085.91273437997,96.78001670599133,4.715912429194322,14.628866884340063,45.701550275062985,12.176985641445158,9.556701475948824,0.0,4.0,64.78156361248824,623.5225497701992,80.9769545156103,40.48847725780515,818.6013988813291,265.7002656104653,399.0,254.1994893930825,a_favor,en_contra,a_favor,a_favor,809.7695451561029,809.7695451561029
5,A48A400039,A48,A4,A4,False,False,6383.0,6454.373885665794,29.37388566579375,0.0,2891.051614364297,corto_radio,20000.0,17108.948385635704,71.37388566579375,4.239042946303135,10.12727833592719,29.893899015303152,9.64901732553078,7.464648042730327,0.0,4.0,43.99951900442036,423.49537041754587,54.99939875552545,27.499699377762724,849.9969245244697,260.67923213878197,342.0,221.03948548152223,en_contra,neutro,en_contra,en_contra,549.9939875552544,549.9939875552544
5,A42EXTERIOR00107,A42,EXTERIOR,EXTERIOR,False,True,6301.0,6455.2638026883105,19.263802688310534,0.0,8783.858294961774,medio_radio,32000.0,23216.141705038226,154.26380268831053,4.493648801713342,31.839403478368695,89.50969777664925,28.421052631578945,0.0,0.0,4.0,144.0,1386.0,180.0,90.0,929.0613426883258,271.3618678776414,380.0,0.0,neutro,a_favor,neutro,neutro,1800.0,1800.0
5,A37A600052,A37,A6,A6,False,False,6373.0,6463.676133062413,27.6761330624131,0.0,4293.721732037404,medio_radio,32000.0,27706.278267962596,90.6761330624131,4.273286178769388,14.454014165535108,39.59057598028644,12.537678665811134,9.820578072011962,0.0,4.0,66.70045050211523,641.991836082859,83.37556312764404,41.68778156382202,972.9464452386796,276.8799714939779,399.0,254.69650314758724,a_favor,a_favor,a_favor,a_favor,833.7556312764403,833.7556312764403
5,A13A2700091,A13,A27,A27,False,False,6251.0,6465.701729099909,69.70172909990924,0.0,12147.842268091412,medio_radio,32000.0,19852.157731908588,214.70172909990924,4.2067304292372505,38.02526288836131,111.00397656329885,28.900546036153756,22.56521318285857,0.0,4.0,153.75090491233797,1479.852459781253,192.18863114042247,96.09431557021124,799.8915924984269,242.60330091140182,399.0,255.51094454505295,en_contra,en_contra,a_favor,a_favor,1921.8863114042247,1921.8863114042247
5,A26A4600137,A26,A46,A46,False,False,6422.0,6468.307458391139,23.307458391139335,0.0,1612.0524359753022,corto_radio,20000.0,18387.947564024696,46.307458391139335,5.909032237906875,4.5271058194873275,17.67727994498624,4.673703537849691,3.5203368509081265,0.0,4.0,23.680097925105102,227.9209425291366,29.600122406381377,14.800061203190689,773.6063802976018,313.8441936546571,380.0,252.249631157418,a_favor,en_contra,neutro,a_favor,296.00122406381377,296.00122406381377
5,A26A1400094,A26,A14,A14,False,False,6226.0,6473.507395181932,70.50739518193222,0.0,13709.144596152659,medio_radio,32000.0,18290.85540384734,247.50739518193222,5.443730566369079,37.09698539280961,128.97166591173513,37.19026966244018,28.80474364857837,0.0,4.0,188.43069962303022,1813.6454838716659,235.5383745287878,117.7691872643939,843.7413618179722,304.7644399583258,380.0,245.31206811182216,a_favor,en_contra,neutro,neutro,2355.383745287878,2355.383745287878
5,A4EXTERIOR00037,A4,EXTERIOR,EXTERIOR,False,True,6313.0,6476.574748455409,28.574748455408553,0.0,10041.580801026807,medio_radio,32000.0,21958.41919897319,163.57474845540855,4.208526667441827,32.31695326249821,98.62821589388912,28.421052631578945,0.0,0.0,4.0,144.0,1386.0,180.0,90.0,843.1664229784824,267.3519353702868,380.0,0.0,en_contra,en_contra,neutro,neutro,1800.0,1800.0
5,A6A1000047,A6,A10,A10,False,False,6298.0,6488.949656600081,62.94965660008074,0.0,10513.215536896108,medio_radio,32000.0,21486.78446310389,190.94965660008074,4.042289245594778,27.763111526446554,96.52779255662266,29.81681002561109,22.79965324580661,0.0,4.0,135.96465371678656,1308.6597920240706,169.95581714598322,84.97790857299161,813.4402066159867,293.83879451826465,342.0,223.62947626483142,a_favor,en_contra,en_contra,en_contra,1699.558171459832,1699.558171459832
5,A9A2200069,A9,A22,A22,False,False,6298.0,6490.505252711751,53.50525271175138,0.0,9918.583098016603,medio_radio,32000.0,22081.416901983397,192.50525271175138,6.621022413417025,31.964754351529084,88.9074075598312,32.394050109137524,22.61801827783623,0.0,4.0,147.71686849766712,1421.774859290046,184.6460856220839,92.32304281104194,959.498132931104,277.2745259478602,342.0,244.91016412744918,a_favor,a_favor,en_contra,neutro,1846.4608562208389,1846.4608562208389
5,A25A2300129,A25,A23,A23,False,False,6462.0,6494.057889917373,21.05788991737336,0.0,894.8105481537335,corto_radio,20000.0,19105.189451846265,32.05788991737336,6.1732626759785445,2.6205169757442404,7.264110265651008,4.0,2.0,0.0,4.0,10.805607419862255,104.00397141617421,13.507009274827821,6.7535046374139105,859.0506003850154,247.40784020588322,342.0,220.34548544726124,en_contra,neutro,en_contra,en_contra,135.0700927482782,135.0700927482782
5,A34A2500134,A34,A25,A25,False,False,6447.0,6498.653130941451,23.65313094145131,0.0,1794.6504216326362,corto_radio,20000.0,18205.349578367364,51.65313094145131,5.559841666510199,6.1820783480975745,18.624671242135403,6.3427586490169015,4.943781035691243,0.0,4.0,28.922979439517068,278.38367710535175,36.15372429939634,18.07686214969817,896.8223067762473,280.7112218021398,342.0,219.38911152246024,a_favor,a_favor,en_contra,en_contra,361.53724299396333,361.53724299396333
5,A8A4800067,A8,A48,A48,False,False,6316.0,6507.253907955094,55.25390795509429,0.0,10216.236754328304,medio_radio,32000.0,21783.763245671696,191.2539079550943,4.753700055575582,33.840479955832805,86.7383079592775,31.76263405808214,24.15878592632639,0.0,4.0,144.83761130485456,1394.062008809225,181.04701413106818,90.52350706553409,964.322713878891,256.8006331362155,342.0,224.8213316884153,en_contra,a_favor,en_contra,en_contra,1810.4701413106818,1810.4701413106818
5,A38A800065,A38,A8,A8,False,False,6343.0,6510.036945223616,51.036945223616385,0.0,8900.276991909408,medio_radio,32000.0,23099.723008090594,167.03694522361639,4.943137501470216,25.90780521262752,78.07133100661336,26.983822747714033,21.13084875519117,0.0,4.0,123.04623172957598,1184.3199803971688,153.80778966197,76.903894830985,910.1830070991202,284.9633090562291,342.0,218.36480603863725,neutro,neutro,en_contra,en_contra,1538.0778966196997,1538.0778966196997
5,A19A1500099,A19,A15,A15,False,False,6471.0,6511.701361473203,20.70136147320318,0.0,1379.347018164828,corto_radio,20000.0,18620.652981835174,40.70136147320318,4.66374648142882,4.082179799332397,14.9304431369721,4.0,3.0249920554707357,0.0,4.0,20.366901563045804,196.03142754431587,25.458626953807254,12.729313476903627,787.7787380290889,299.35332441324545,399.0,252.48291387507956,neutro,en_contra,a_favor,a_favor,254.58626953807254,254.58626953807254
5,A5A2000041,A5,A20,A20,False,False,6470.0,6512.246502311636,23.246502311635595,0.0,1432.4185345728004,corto_radio,20000.0,18567.5814654272,42.246502311635595,5.71695349963308,4.268171381200281,14.653045501378232,4.312078326693495,3.2962536027312574,0.0,4.0,19.663077169722335,189.25711775857746,24.57884646215292,12.28942323107646,774.9533750131727,276.4145402829549,342.0,223.6980168193402,a_favor,en_contra,en_contra,en_contra,245.7884646215292,245.7884646215292
5,A14A1700093,A14,A17,A17,False,False,6281.0,6518.857048451686,76.85704845168584,0.0,13164.011970178643,medio_radio,32000.0,18835.988029821357,237.85704845168584,6.746983004994971,34.043568648261704,120.43496302245697,37.608028827477796,29.02350494849474,0.0,4.0,171.49261145329874,1650.6163852380005,214.36576431662343,107.18288215831171,822.3275087967025,302.24671195636586,342.0,221.57809475151745,a_favor,en_contra,en_contra,en_contra,2143.6576431662343,2143.6576431662343
5,A42A3500166,A42,A35,A35,False,False,6463.0,6552.65314810534,30.653148105339824,0.0,4309.540450422542,medio_radio,32000.0,27690.45954957746,89.65314810533982,5.152380490192446,13.588211239933942,37.92411279097976,12.37911627201399,10.60932731221963,0.0,4.0,62.72085577820422,603.6882368652156,78.40106972275527,39.20053486137763,955.0993166682111,276.9497235686592,380.0,221.69474298088912,neutro,a_favor,neutro,en_contra,784.0106972275527,784.0106972275527
5,A11A4500083,A11,A45,A45,False,False,6359.0,6583.9092266003745,56.909226600374495,0.0,12121.844141102782,medio_radio,32000.0,19878.15585889722,224.9092266003745,4.0304843724004495,36.826744150409276,114.2987548843225,33.65704209531153,26.096201097930685,0.0,4.0,179.05546394705732,1723.4088404904267,223.81932993382168,111.90966496691084,904.6864117993014,291.7262463644656,399.0,257.30104825667854,neutro,neutro,a_favor,a_favor,2238.1932993382165,2238.1932993382165
5,A10A500040,A10,A5,A5,False,False,6412.0,6588.795338466093,55.7953384660932,0.0,9785.200653263195,medio_radio,32000.0,22214.799346736807,176.7953384660932,5.16576401645668,28.552187288271117,90.4919931679868,24.10179904623088,18.48359494714795,0.0,4.0,128.22157092594827,1234.1326201622521,160.27696365743535,80.13848182871767,818.2818680131685,269.4467564913041,399.0,260.1392707139468,en_contra,en_contra,a_favor,a_favor,1602.7696365743534,1602.7696365743534
5,A14A4100097,A14,A41,A41,False,False,6336.0,6589.202639239218,81.20263923921812,0.0,14188.082911933669,medio_radio,32000.0,17811.91708806633,253.20263923921812,4.231476987443913,39.61173324187671,128.514489530754,40.027220204226985,30.81771927491649,0.0,4.0,182.52412413127507,1756.7946947635223,228.15515516409383,114.07757758204691,820.2007576786654,276.46978689382007,342.0,222.1012721241151,a_favor,en_contra,en_contra,en_contra,2281.551551640938,2281.551551640938
5,A31A3500150,A31,A35,A35,False,False,6531.0,6615.692635259081,31.692635259080816,0.0,3401.8908128098,corto_radio,20000.0,16598.1091871902,84.69263525908082,5.7713113071937885,12.56339164842807,35.96831270486322,11.03933686639668,9.350282732199119,0.0,4.0,55.93264012307651,538.3516611846114,69.91580015384564,34.95790007692282,898.0432286641375,267.1220082360871,380.0,224.32198733332402,en_contra,a_favor,neutro,en_contra,699.1580015384563,699.1580015384563
5,A32A1400095,A32,A14,A14,False,False,6408.0,6625.02977445507,68.02977445506986,0.0,12270.908227253123,medio_radio,32000.0,19729.091772746877,217.02977445506986,5.266722768289402,36.22407990519033,110.49759726941326,31.2181122360635,23.823262276113496,0.0,4.0,158.17176866272175,1522.403273378697,197.7147108284022,98.8573554142011,826.6622864206543,261.9888798998452,380.0,248.97687210534778,en_contra,en_contra,neutro,neutro,1977.147108284022,1977.147108284022
5,A35A4500168,A35,A45,A45,False,False,6546.0,6626.770709541723,26.77070954172268,0.0,3834.1453045110698,medio_radio,32000.0,28165.85469548893,80.77070954172268,4.946688741813034,12.671988600358553,34.3165376228666,10.671478204497866,8.164016372187099,0.0,4.0,56.77226404792865,546.4330414613132,70.96533005991081,35.482665029955406,955.3989055653467,268.8083102268051,399.0,260.7735953409151,en_contra,a_favor,a_favor,a_favor,709.6533005991081,709.6533005991081
5,A41A100006,A41,A1,A1,False,False,6539.0,6630.826489423212,31.82648942321157,0.0,4510.002308571255,medio_radio,32000.0,27489.997691428747,91.82648942321157,4.8785186370192815,15.706750574206266,38.31424947868739,11.935889071475692,10.991081661823024,0.0,4.0,63.498929860250676,611.1771999049126,79.37366232531335,39.686831162656674,957.1016656529603,242.56677239605136,399.0,216.64927465969203,en_contra,a_favor,a_favor,en_contra,793.7366232531334,793.7366232531334
5,A24A300024,A24,A3,A3,False,False,6586.0,6634.343362770815,23.343362770814565,0.0,1703.023582084942,corto_radio,20000.0,18296.97641791506,48.343362770814565,4.959978984782202,7.020602205245693,17.518936634779667,4.959933035293853,3.8839119107130777,0.0,4.0,26.3868437477633,253.97337107222177,32.983554684704124,16.491777342352062,869.8246121902795,225.50923390629453,399.0,254.77061871865484,en_contra,a_favor,a_favor,a_favor,329.83554684704126,329.83554684704126
5,A46A200016,A46,A2,A2,False,False,6551.0,6638.609298651329,30.609298651328572,0.0,4297.353767182576,medio_radio,32000.0,27702.646232817424,87.60929865132857,6.49579533250667,14.131255665685229,36.99570649573292,11.291190033954361,8.695351123450502,0.0,4.0,60.069130980637205,578.165385688633,75.0864137257965,37.54320686289825,937.674298646496,255.04795498040167,399.0,259.05709611873823,en_contra,neutro,a_favor,a_favor,750.864137257965,750.864137257965
5,A41A500046,A41,A5,A5,False,False,6640.0,6711.771643350564,28.771643350563863,0.0,2837.412949546691,corto_radio,20000.0,17162.58705045331,71.77164335056386,4.364476642159619,12.027955446786262,30.312227297218172,8.525453219117757,6.541530745283357,0.0,4.0,45.35541112570647,436.54583208492477,56.69426390713309,28.347131953566546,864.0984929371805,226.2499790244481,399.0,260.00457437891606,en_contra,a_favor,a_favor,a_favor,566.9426390713309,566.9426390713309
5,A35A4000165,A35,A40,A40,False,False,6652.0,6735.077749513895,29.07774951389456,0.0,4031.845915888612,medio_radio,32000.0,27968.15408411139,83.07774951389456,4.381866733860542,13.513013973157364,33.68006012526292,12.611134050685738,8.891674630928181,0.0,4.0,57.506771271126965,553.502673484597,71.88346408890871,35.941732044454355,986.048133095979,255.3395033203994,342.0,242.53068315907876,en_contra,a_favor,en_contra,neutro,718.834640889087,718.834640889087
5,A22A200011,A22,A2,A2,False,False,6679.0,6738.814725529103,24.81472552910327,0.0,2236.160978278366,corto_radio,20000.0,17763.839021721633,59.81472552910327,5.1957223122325145,7.451001557354599,24.672018699255034,6.986195424502985,5.5097875357577415,0.0,4.0,37.16655965835588,357.72813671167535,46.45819957294485,23.229099786472425,869.9607626087204,299.2877618311878,399.0,252.95820903131585,neutro,neutro,a_favor,a_favor,464.58199572944847,464.58199572944847
5,A5A2200042,A5,A22,A22,False,False,6712.0,6770.683124607262,26.68312460726156,0.0,2267.802066942264,corto_radio,20000.0,17732.197933057738,58.68312460726156,4.428708297069762,6.936256615384454,24.761419184942177,7.3374294915203,5.219311018345265,0.0,4.0,33.45867848133256,322.03978038282594,41.82334810166571,20.911674050832854,780.3424625483427,289.4242269565575,342.0,240.39579910832032,a_favor,en_contra,en_contra,neutro,418.23348101665704,418.23348101665704
5,A37A4700173,A37,A47,A47,False,False,6692.0,6772.734975198367,29.734975198366556,0.0,3113.106951080942,corto_radio,20000.0,16886.893048919057,80.73497519836656,5.720154969968496,10.255693512170968,34.92063166711873,10.591661511523897,9.246833537583974,0.0,4.0,53.66441832505442,516.5200263786488,67.08052290631802,33.54026145315901,887.4754007356703,313.95878744641533,380.0,217.63295283839915,a_favor,a_favor,neutro,en_contra,670.8052290631803,670.8052290631803
5,A34A3100149,A34,A31,A31,False,False,6727.0,6775.418762486643,21.418762486642663,0.0,1641.2869739684197,corto_radio,20000.0,18358.71302603158,48.41876248664266,5.3728354209467115,6.145964975819459,17.431254775856075,5.478729170288517,3.989978143730386,0.0,4.0,27.758894462795155,267.1793592044034,34.69861807849394,17.34930903924697,919.6562013692965,270.9962836300802,380.0,260.89329436315796,a_favor,a_favor,neutro,a_favor,346.98618078493945,346.98618078493945
5,A16A1900105,A16,A19,A19,False,False,6739.0,6779.514148502674,22.51414850267429,0.0,1358.796347285708,corto_radio,20000.0,18641.203652714292,40.51414850267429,5.020039727475295,3.9061800107996443,14.681112147976034,4.0,2.906816616423387,0.0,4.0,19.05738728771667,183.42735264427293,23.821734109645835,11.910867054822917,749.6462834509192,292.72671359273147,380.0,245.85383861218565,a_favor,en_contra,neutro,neutro,238.21734109645834,238.21734109645834
5,A1A3500005,A1,A35,A35,False,False,6753.0,6785.427950957865,21.427950957864596,0.0,895.685771402482,corto_radio,20000.0,19104.31422859752,32.427950957864596,6.2074015140747045,2.5170674238247637,7.703482019965153,4.0,2.0,0.0,4.0,11.209192029956114,107.88847328832759,14.011490037445142,7.005745018722571,840.3094056068087,267.19646658308557,380.0,217.8710240570386,neutro,neutro,neutro,en_contra,140.11490037445142,140.11490037445142
5,A22A4300128,A22,A43,A43,False,False,6741.0,6804.072925754045,26.072925754045173,0.0,2390.6104729736335,corto_radio,20000.0,17609.389527026367,63.07292575404517,5.825063743880471,8.602627072308044,25.773201018170962,7.269454085954026,5.602579833731947,0.0,4.0,38.67349573727542,372.2323964712759,48.341869671594274,24.170934835797137,866.5568461026778,269.732690343622,399.0,258.8550512776531,neutro,neutro,a_favor,a_favor,483.4186967159427,483.4186967159427
5,A48A200017,A48,A2,A2,False,False,6731.0,6809.779156180023,30.779156180023165,0.0,3242.3664879952807,corto_radio,20000.0,16757.63351200472,78.77915618002316,4.403252104333199,12.66325483553922,34.81844970452923,9.481371851503154,7.412827684118167,0.0,4.0,50.440898249996785,485.493645656219,63.051122812495976,31.525561406247988,836.6144669440557,238.99494516260648,399.0,255.17032972821588,en_contra,neutro,a_favor,a_favor,630.5112281249598,630.5112281249598
5,A15A600049,A15,A6,A6,False,False,6768.0,6815.65520051535,24.65520051534986,0.0,1646.2592927862681,corto_radio,20000.0,18353.740707213732,47.65520051534986,6.259816347012596,4.744668409612232,18.342551736436253,4.411223851829083,3.3796086780831915,0.0,4.0,23.46771089173072,225.87671733290819,29.334638614663405,14.667319307331702,738.8613773433252,296.7673464074427,399.0,260.3967625444236,a_favor,en_contra,a_favor,a_favor,293.346386146634,293.346386146634
5,A48A4700179,A48,A47,A47,False,False,6785.0,6820.661011925895,20.661011925894854,0.0,1114.453984514168,corto_radio,20000.0,18885.54601548583,35.661011925894854,4.704400403136522,3.497752341045364,10.789396475760794,4.0,2.669462705952433,0.0,4.0,15.391928090143477,148.14730786763096,19.239910112679347,9.619955056339673,823.8494610914812,264.03118213126544,380.0,216.2222765252842,en_contra,neutro,neutro,en_contra,192.39910112679345,192.39910112679345
5,A48A4700180,A48,A47,A47,False,False,6792.0,6829.303919986669,22.303919986668916,0.0,1143.5585576264195,corto_radio,20000.0,18856.44144237358,37.303919986668916,6.761569446016489,3.704613169414812,10.228941691622927,4.0,2.6087956796142167,0.0,4.0,15.391928090143477,148.14730786763096,19.239910112679347,9.619955056339673,868.9890645615314,249.2880209553671,380.0,221.25048270002316,en_contra,neutro,neutro,en_contra,192.39910112679345,192.39910112679345
5,A47A3400163,A47,A34,A34,False,False,6789.0,6831.824266442795,20.824266442795306,0.0,1416.2847578082028,corto_radio,20000.0,18583.715242191796,42.824266442795306,4.609472820930114,5.409871135456702,14.962755487173316,4.392805340825465,3.4493616584104765,0.0,4.0,23.36972441319147,224.93359747696792,29.21215551648934,14.60607775824467,901.9739619609109,259.18980871863516,399.0,254.06575253072293,neutro,a_favor,a_favor,a_favor,292.1215551648934,292.1215551648934
5,A21A1700110,A21,A17,A17,False,False,6783.0,6835.015136154274,24.015136154273932,0.0,1887.2172612028614,corto_radio,20000.0,18112.782738797137,52.01513615427393,4.426586880722286,6.752828936212179,19.23895243642092,6.480693424546991,5.1160744763712955,0.0,4.0,29.55196201593428,284.43763440336744,36.939952519917846,18.469976259958923,887.0679482472349,262.5740615829431,342.0,216.61111086552305,en_contra,a_favor,en_contra,en_contra,369.39952519917847,369.39952519917847
5,A15A2200100,A15,A22,A22,False,False,6787.0,6842.906694153023,25.906694153022727,0.0,2138.809566511626,corto_radio,20000.0,17861.190433488373,55.90669415302273,4.168620069596324,6.353278281351682,23.62813183569817,6.965381815381443,4.791282150995029,0.0,4.0,31.76214107813938,305.71060787709155,39.70267634767423,19.851338173837114,776.3049825595109,299.95986013742066,342.0,248.59322680107022,a_favor,en_contra,en_contra,neutro,397.02676347674225,397.02676347674225
5,A30A1800116,A30,A18,A18,False,False,6787.0,6843.599625723608,25.59962572360837,0.0,2020.0351143708303,corto_radio,20000.0,17979.964885629168,56.59962572360837,5.774239161646595,7.262484195948796,21.664345206682682,6.427633766529995,5.470923392800937,0.0,4.0,32.56667775041864,313.4542733477794,40.7083471880233,20.35417359401165,868.1202326422215,269.0540333451068,380.0,223.2256472915915,a_favor,a_favor,neutro,en_contra,407.083471880233,407.083471880233
5,A45A400038,A45,A4,A4,False,False,6762.0,6843.606100349705,34.60610034970523,0.0,3404.610509718504,corto_radio,20000.0,16595.389490281497,81.60610034970523,4.065679991914372,10.216665054307441,37.65950783453109,10.990099206383428,8.674148262569561,0.0,4.0,50.114852381108435,482.35545416816865,62.64356547638554,31.32178273819277,768.4998799573525,294.31239322060117,342.0,216.6560805054599,a_favor,en_contra,en_contra,en_contra,626.4356547638554,626.4356547638554
5,A13A1200084,A13,A12,A12,False,False,6817.0,6848.294685618301,22.29468561830072,0.0,877.1618101748345,corto_radio,20000.0,19122.838189825165,31.29468561830072,5.862413831154958,2.2512405780308407,7.181031209114577,4.0,2.0,0.0,4.0,9.40576870329439,90.5305237692085,11.757210879117988,5.878605439558994,756.4138447495003,250.6822805634113,342.0,222.4587827805254,en_contra,en_contra,en_contra,en_contra,117.57210879117987,117.57210879117987
5,A7A4700061,A7,A47,A47,False,False,6783.0,6852.808390869722,26.808390869721734,0.0,2635.4018098135048,corto_radio,20000.0,17364.598190186494,69.80839086972173,5.159214575932216,9.302381645782907,28.87583816355014,8.893736693351642,7.577219791105584,0.0,4.0,45.061599246314984,433.7178927457817,56.32699905789373,28.163499528946865,901.2058253462484,290.6455634406893,380.0,223.0118722067918,a_favor,a_favor,neutro,en_contra,563.2699905789373,563.2699905789373
5,A47A4000177,A47,A40,A40,False,False,6832.0,6861.231171078616,22.23117107861617,0.0,718.3780216044855,corto_radio,20000.0,19281.621978395513,29.23117107861617,6.189985937044459,2.0,5.0,4.0,2.0,0.0,4.0,7.192004794468842,68.71804914330562,8.990005993086053,5.0,921.4695936788772,296.52995486590896,342.0,249.47549075272514,neutro,a_favor,en_contra,neutro,89.90005993086052,89.90005993086052
5,A21A700057,A21,A7,A7,False,False,6770.0,6877.104840624344,35.10484062434443,0.0,5362.448044540075,medio_radio,32000.0,26637.551955459923,107.10484062434443,4.816682311630981,19.086489822418116,47.72788185462286,14.354466870879925,11.119319764792515,0.0,4.0,76.3657637530812,735.0204761234065,95.4572046913515,47.72860234567575,924.0139485287635,240.06225701087942,399.0,257.54418447502775,en_contra,a_favor,a_favor,a_favor,954.572046913515,954.572046913515
5,A33A4100159,A33,A41,A41,False,False,6831.0,6880.30738383418,24.307383834179745,0.0,1775.878802628812,corto_radio,20000.0,18224.121197371187,49.307383834179745,5.672076933896213,6.183612054963135,17.365115223160252,5.676349220577464,4.4102304015826705,0.0,4.0,25.884152445833234,249.13496729114487,32.35519055729154,16.17759527864577,860.8119120068994,251.15565674975917,342.0,220.09183836980793,en_contra,neutro,en_contra,en_contra,323.5519055729154,323.5519055729154
5,A18A1500098,A18,A15,A15,False,False,6827.0,6880.994326907152,27.994326907151844,0.0,2024.283107821926,corto_radio,20000.0,17975.716892178076,53.994326907151844,6.7746637545953154,6.900192142056753,21.14941330125561,5.172214392529776,3.997843316714417,0.0,4.0,27.516180568258406,264.8432379694872,34.39522571032301,17.197612855161506,751.3491770112521,239.26447265617685,399.0,258.1033546251408,en_contra,en_contra,a_favor,a_favor,343.95225710323007,343.95225710323007
5,A17A1900109,A17,A19,A19,False,False,6853.0,6882.3917807732405,23.391780773240498,0.0,747.1844738068274,corto_radio,20000.0,19252.81552619317,29.391780773240498,6.391780773240335,2.0,5.0,4.0,2.0,0.0,4.0,6.030825823710933,56.81596469303706,7.538532279638666,5.0,783.492328079734,241.5746664298002,380.0,246.39961094219933,en_contra,en_contra,neutro,neutro,75.38532279638666,75.38532279638666
5,A21A1800114,A21,A18,A18,False,False,6814.0,6882.694280116357,27.694280116356822,0.0,2664.5876425914207,corto_radio,20000.0,17335.41235740858,68.69428011635682,5.302419347270153,10.224515261797915,27.48620699581041,8.432146922170826,7.248991589307872,0.0,4.0,42.722877738998854,411.20769823786395,53.403597173748565,26.701798586874283,897.6306515494314,250.70847846621325,380.0,221.01114278785155,en_contra,a_favor,neutro,en_contra,534.0359717374856,534.0359717374856
5,A31A100004,A31,A1,A1,False,False,6792.0,6883.950486065033,33.95048606503315,0.0,4534.952084788169,medio_radio,32000.0,27465.04791521183,91.95048606503315,4.986135246942284,16.313673964906197,38.38860211839557,11.596846852895963,10.665227881892495,0.0,4.0,61.69522525740652,593.8165431025377,77.11903157175816,38.55951578587908,928.1138311905106,226.90863648540963,399.0,216.9265366641385,en_contra,a_favor,a_favor,en_contra,771.1903157175815,771.1903157175815
5,A48A3200155,A48,A32,A32,False,False,6828.0,6884.223336975556,26.223336975555867,0.0,2167.895381963969,corto_radio,20000.0,17832.10461803603,56.22333697555587,4.19452969327525,8.182710287985019,21.654516357609985,6.899582486844777,5.291998149840885,0.0,4.0,31.46209614001218,302.8226753476172,39.32762017501523,19.663810087507613,839.0563991733679,230.6968842795949,342.0,222.94577054716672,en_contra,neutro,en_contra,en_contra,393.2762017501522,393.2762017501522
5,A27A1800115,A27,A18,A18,False,False,6851.0,6886.004590111265,21.004590111265315,0.0,1013.0307922577996,corto_radio,20000.0,18986.9692077422,35.004590111265315,5.876739175868964,3.2307142158611626,9.388967356148898,4.0,2.508169363385704,0.0,4.0,14.915739708258599,143.563994691989,18.64467463532325,9.322337317661624,917.4427127897168,277.0113116479924,380.0,223.0073643450698,neutro,a_favor,neutro,en_contra,186.44674635323247,186.44674635323247
5,A31A300028,A31,A3,A3,False,False,6804.0,6886.622186489876,32.622186489876185,0.0,3236.0016523658587,corto_radio,20000.0,16763.99834763414,82.62218648987619,5.1700548028432385,13.099129876296367,35.09464660287007,9.848252603960484,7.694932974770247,0.0,4.0,52.39270385306977,504.27977458579653,65.49087981633721,32.745439908168606,862.1482021897141,239.98252256988792,399.0,255.32729146984917,en_contra,a_favor,a_favor,a_favor,654.9087981633721,654.9087981633721
5,A6A300018,A6,A3,A3,False,False,6845.0,6887.552869880408,22.552869880408252,0.0,1434.228956240445,corto_radio,20000.0,18565.771043759556,42.55286988040825,5.723370235887819,4.234169838315711,15.652483879653698,4.0,2.942845926549897,0.0,4.0,20.405240721162414,196.4004419411882,25.506550901453018,12.753275450726509,752.853451699706,289.15100008287783,399.0,260.01922837349616,a_favor,en_contra,a_favor,a_favor,255.06550901453016,255.06550901453016
5,A3A4000031,A3,A40,A40,False,False,6813.0,6890.075466501918,31.075466501917617,0.0,2957.6366363207435,corto_radio,20000.0,17042.36336367926,77.07546650191762,6.185149067590037,10.770898809568868,31.958790816322004,10.753647548315426,7.406980260120477,0.0,4.0,49.03663282031834,471.977590895564,61.295791025397925,30.647895512698963,886.0990898088337,273.16178726006143,342.0,248.26226966777793,a_favor,a_favor,en_contra,neutro,612.9579102539792,612.9579102539792
5,A11A1200078,A11,A12,A12,False,False,6867.0,6894.287382851868,22.287382851867733,0.0,692.2036532164024,corto_radio,20000.0,19307.796346783598,27.287382851867733,4.2873828518677755,2.0,5.0,4.0,2.0,0.0,4.0,5.009702724834906,46.34945292955778,6.262128406043632,5.0,877.0939035270999,295.4325172278672,342.0,220.89049470592784,neutro,neutro,en_contra,en_contra,62.62128406043632,62.62128406043632
5,A6A100001,A6,A1,A1,False,False,6832.0,6896.3354626064,28.335462606400142,0.0,2545.8514746902183,corto_radio,20000.0,17454.14852530978,64.33546260640014,4.35746318760168,7.961564126467552,28.625326975267047,7.0607517422086215,6.330356574856065,0.0,4.0,37.563199268549866,361.54579295979244,46.953999085687336,23.476999542843668,757.8165865609357,283.0840674410258,399.0,222.5182666906324,a_favor,en_contra,a_favor,en_contra,469.5399908568733,469.5399908568733
5,A23A4500130,A23,A45,A45,False,False,6846.0,6900.840216560233,23.840216560232875,0.0,2000.0148621981275,corto_radio,20000.0,17999.985137801872,54.840216560232875,5.4112139991004335,8.366062286446247,20.412658177969902,6.026283342298661,4.6239987544177925,0.0,4.0,32.059827381028875,308.57583854240295,40.0747842262861,20.03739211314305,907.013195004939,229.9277219078462,399.0,260.00083275108005,en_contra,a_favor,a_favor,a_favor,400.74784226286096,400.74784226286096
5,A35A4400167,A35,A44,A44,False,False,6871.0,6901.809850223565,18.809850223565263,0.0,850.2376212527518,corto_radio,20000.0,19149.762378747248,30.809850223565263,4.30390353774407,2.963260978400787,7.542685707419774,4.0,2.0,0.0,4.0,11.962256600046842,115.13671977545084,14.952820750058553,7.4764103750292765,915.8810872540294,242.21133448399746,399.0,255.3624389117199,en_contra,a_favor,a_favor,a_favor,149.52820750058552,149.52820750058552
5,A35A1700113,A35,A17,A17,False,False,6811.0,6902.205821460599,34.2058214605986,0.0,4468.189310792274,medio_radio,32000.0,27531.810689207727,91.2058214605986,6.184910987575673,15.02230971560893,36.76426778668918,13.187166706105684,10.047166264619463,0.0,4.0,60.13348017984191,578.7847467309784,75.16685022480239,37.583425112401194,944.5879625659767,240.17670245751978,342.0,224.44194187220214,en_contra,a_favor,en_contra,en_contra,751.6685022480239,751.6685022480239
5,A36A1500104,A36,A15,A15,False,False,6799.0,6913.633621702515,42.633621702514574,0.0,6069.3384724820335,medio_radio,32000.0,25930.661527517965,114.63362170251457,5.68285419355399,17.907690547704927,55.342582035229455,14.388162703554919,11.312332222471296,0.0,4.0,76.54502558291216,736.7458712355295,95.6812819786402,47.8406409893201,798.7475583627871,256.46531710719876,399.0,253.7441796181733,en_contra,en_contra,a_favor,a_favor,956.812819786402,956.812819786402
5,A43A3600171,A43,A36,A36,False,False,6806.0,6916.139058154872,37.139058154872146,0.0,5379.794903108215,medio_radio,32000.0,26620.205096891783,110.13905815487215,5.948727778567148,16.02859158061341,48.18201983811429,16.987374987928295,12.99234396964848,0.0,4.0,77.462429944953,745.5758882201726,96.82803743119126,48.41401871559563,928.4491070219347,289.9659507400907,342.0,223.58098967528574,a_favor,a_favor,en_contra,en_contra,968.2803743119125,968.2803743119125
5,A21A4400125,A21,A44,A44,False,False,6839.0,6919.458808068597,28.458808068597136,0.0,3208.7579771315054,corto_radio,20000.0,16791.242022868493,80.45880806859714,4.776158337633744,12.834583003327584,34.53954237886316,10.319688647370343,7.988835701401777,0.0,4.0,54.90074360401022,528.4196571885984,68.62592950501278,34.31296475250639,917.9386073950483,256.6538091176454,399.0,257.7068752070012,en_contra,a_favor,a_favor,a_favor,686.2592950501278,686.2592950501278
5,A36A4300170,A36,A43,A43,False,False,6807.0,6922.147049705022,42.147049705022255,0.0,6163.189093633818,medio_radio,32000.0,25836.810906366183,115.14704970502225,4.436640938337769,18.868345861123945,56.21165291439763,14.560607132509965,11.069802858653292,0.0,4.0,77.462429944953,745.5758882201726,96.82803743119126,48.41401871559563,795.8234809663884,246.32502662956404,399.0,262.41127868551126,en_contra,en_contra,a_favor,a_favor,968.2803743119125,968.2803743119125
5,A8A3600064,A8,A36,A36,False,False,6788.0,6922.6031819064065,42.60318190640646,0.0,6957.73836406607,medio_radio,32000.0,25042.26163593393,134.60318190640646,4.52750125014002,22.48978648287833,59.36141021087139,21.48240167320222,16.4564677211826,0.0,4.0,97.95975162980213,942.8626094368454,122.44968953725265,61.224844768626326,953.0056035604463,261.3446375875015,342.0,223.2247374319034,en_contra,a_favor,en_contra,en_contra,1224.4968953725265,1224.4968953725265
5,A36A1900118,A36,A19,A19,False,False,6817.0,6923.767323097028,39.767323097027656,0.0,5660.8016446389265,medio_radio,32000.0,26339.198355361073,106.76732309702766,4.616400075479078,16.213456178306455,51.012933242283054,14.064705961952782,10.85982763900569,0.0,4.0,71.26117687389409,685.8888274112306,89.07647109236763,44.53823554618381,806.7234528392714,263.7112387027312,380.0,246.07150514735977,en_contra,en_contra,neutro,neutro,890.7647109236761,890.7647109236761
5,A34A4500162,A34,A45,A45,False,False,6865.0,6932.614144937134,24.61414493713437,0.0,2530.3888615732467,corto_radio,20000.0,17469.611138426753,67.61414493713437,4.413071906802716,9.437913461201768,28.74336271695364,8.432437558807788,6.587359293368113,0.0,4.0,44.860567812857425,431.7829651987527,56.07570976607178,28.03785488303589,901.3203558345142,285.1937644730966,399.0,255.37870610394612,a_favor,a_favor,a_favor,a_favor,560.7570976607178,560.7570976607178
5,A16A4700108,A16,A47,A47,False,False,6895.0,6933.128318180083,21.128318180082715,0.0,1256.4619088931972,corto_radio,20000.0,18743.538091106802,38.128318180082715,4.382540102847827,3.8787938140954443,12.878084897034103,4.0,2.9888993661053274,0.0,4.0,17.412032532934894,167.59081312949837,21.76504066616862,10.88252033308431,780.8186440893653,269.34196609770777,380.0,218.45875019736243,a_favor,en_contra,neutro,en_contra,217.6504066616862,217.6504066616862
5,A37A300029,A37,A3,A3,False,False,6829.0,6933.894874125967,32.89487412596736,0.0,5013.866540794276,medio_radio,32000.0,26986.133459205725,104.89487412596736,6.382080266107885,16.746889710567977,46.04190168308065,14.390706609546882,11.333295856663831,0.0,4.0,76.55855916278941,736.876131941848,95.69819895348677,47.84909947674338,960.2680667023359,274.2905476274002,399.0,253.31959960407494,a_favor,a_favor,a_favor,a_favor,956.9819895348676,956.9819895348676
5,A24A300025,A24,A3,A3,False,False,6896.0,6943.734088749655,22.734088749654802,0.0,1667.809966350025,corto_radio,20000.0,18332.190033649975,47.7340887496548,4.970493156787064,6.621272157825177,17.409392888703408,4.959933035293853,3.7729975110457614,0.0,4.0,26.3868437477633,253.97337107222177,32.983554684704124,16.491777342352062,875.2977408087095,239.10973407047194,399.0,262.26008303590487,en_contra,a_favor,a_favor,a_favor,329.83554684704126,329.83554684704126
5,A33A3500157,A33,A35,A35,False,False,6862.0,6944.136615513976,31.136615513975812,0.0,3396.0993172399876,corto_radio,20000.0,16603.900682760013,82.13661551397581,4.88713365322138,12.313048187105382,35.35967754141264,10.559722730999686,9.017033401236773,0.0,4.0,53.50259517039841,514.9624785150847,66.87824396299801,33.43912198149901,873.8130791695762,260.71169879654025,380.0,222.50636430100732,en_contra,neutro,neutro,en_contra,668.7824396299801,668.7824396299801
5,A5A400033,A5,A4,A4,False,False,6912.0,6944.183142225471,22.183142225470874,0.0,896.435524773096,corto_radio,20000.0,19103.564475226904,32.183142225470874,6.244331266282433,2.0519921321445143,7.886818827043945,4.0,2.0,0.0,4.0,10.469726611730323,100.77111863790435,13.087158264662904,6.543579132331452,766.6293915034004,306.13353085682235,342.0,217.88769967994963,a_favor,en_contra,en_contra,en_contra,130.87158264662904,130.87158264662904
5,A3A3900030,A3,A39,A39,False,False,6854.0,6944.507283523439,27.507283523438673,0.0,4281.094769063667,medio_radio,32000.0,27718.905230936332,90.50728352343867,4.540450337884265,14.740139922018445,38.97860567211276,12.448470703434737,9.799616887988549,0.0,4.0,66.2258641422728,637.4239423693756,82.782330177841,41.3911650889205,981.1904731503835,269.57355015339965,399.0,253.42520363007608,a_favor,a_favor,a_favor,a_favor,827.8233017784099,827.8233017784099
5,A11A3500081,A11,A35,A35,False,False,6790.0,6948.760053748679,43.76005374867873,0.0,8415.958582048428,medio_radio,32000.0,23584.041417951572,158.76005374867873,4.003717263291038,24.60084722538209,75.47829310459687,24.17337026967094,20.503825885737395,0.0,4.0,122.47840936633277,1178.8546901509528,153.09801170791596,76.54900585395798,937.1075908014858,298.7175398739069,380.0,224.00406523313094,neutro,neutro,neutro,en_contra,1530.9801170791595,1530.9801170791595
5,A10A200009,A10,A2,A2,False,False,6765.0,6953.110129862745,62.11012986274545,0.0,10528.707762059554,medio_radio,32000.0,21471.292237940448,188.11012986274545,4.851762773854862,32.90703792892756,95.84156701914752,25.206190358564353,19.303571782250934,0.0,4.0,134.09693270756236,1290.6829773102877,167.62116588445295,83.81058294222647,808.0103554979007,244.5013732269386,399.0,260.5028247237266,en_contra,en_contra,a_favor,a_favor,1676.2116588445294,1676.2116588445294
5,A3A3000027,A3,A30,A30,False,False,6861.0,6958.234514326689,31.23451432668935,0.0,4635.031235124155,medio_radio,32000.0,27364.968764875844,97.23451432668935,4.927253515105432,15.141685411178495,43.49756572258987,13.219852837701167,10.448156840114006,0.0,4.0,70.32961709657019,676.9225645544881,87.91202137071275,43.956010685356375,933.7385483201019,278.6860848845083,399.0,252.42353091366923,a_favor,a_favor,a_favor,a_favor,879.1202137071274,879.1202137071274
5,A9A2700070,A9,A27,A27,False,False,6760.0,6958.418136616287,49.418136616286574,0.0,10191.204844727377,medio_radio,32000.0,21808.795155272623,198.41813661628657,4.343689591704238,33.32116147674788,98.04204045943173,29.860427430988718,22.850817657414296,0.0,4.0,158.85747393286,1529.003186603777,198.571842416075,99.2859212080375,935.7229895086413,286.0479051014719,399.0,260.6976853867354,a_favor,a_favor,a_favor,a_favor,1985.7184241607497,1985.7184241607497
5,A30EXTERIOR00148,A30,EXTERIOR,EXTERIOR,False,True,6809.0,6958.719749508266,14.719749508266432,0.0,8352.120216388825,medio_radio,32000.0,23647.879783611177,149.71974950826643,5.1527679593352085,29.050179719086344,87.09574919826522,28.421052631578945,0.0,0.0,4.0,144.0,1386.0,180.0,90.0,954.8112366620113,297.4164044266965,380.0,0.0,a_favor,a_favor,neutro,neutro,1800.0,1800.0
5,A38A2000121,A38,A20,A20,False,False,6908.0,6959.358151207978,24.358151207978153,0.0,1872.6487913244623,corto_radio,20000.0,18127.351208675536,51.35815120797815,4.682451257406406,6.131394425785417,19.47393057481794,6.22700894394226,4.843366006025453,0.0,4.0,28.3951607843767,273.30342254962574,35.49395098047088,17.74697549023544,842.0593516022049,277.86658772068165,342.0,219.8509317878155,neutro,neutro,en_contra,en_contra,354.93950980470873,354.93950980470873
5,A13A100002,A13,A1,A1,False,False,6810.0,6962.999601919927,53.999601919927045,0.0,8404.866522661394,medio_radio,32000.0,23595.133477338604,152.99960191992704,6.012283291611376,25.83472987200888,73.67660474809337,19.732227724204666,17.743756284008274,0.0,4.0,104.97545149276881,1010.3887206178997,131.21931436596103,65.60965718298051,822.83003464058,243.80077209130744,399.0,221.85716304764114,en_contra,en_contra,a_favor,en_contra,1312.19314365961,1312.19314365961
5,A41A1400096,A41,A14,A14,False,False,6727.0,6965.6723724337435,66.67237243374348,0.0,12919.772514093736,medio_radio,32000.0,19080.227485906264,238.67237243374348,5.148010045240224,45.94344323039198,113.76746078104154,36.02449818380428,27.788960193265446,0.0,4.0,182.52412413127507,1756.7946947635223,228.15515516409383,114.07757758204691,926.5187160033435,238.36801680184104,380.0,246.30841194920248,en_contra,a_favor,neutro,neutro,2281.551551640938,2281.551551640938
5,A37A3500164,A37,A35,A35,False,False,6873.0,6967.507715652663,30.507715652663137,0.0,4556.935017870756,medio_radio,32000.0,27443.064982129243,94.50771565266314,4.1679259601281125,14.456562414959802,41.20732478798974,13.270772095210635,11.40513039437493,0.0,4.0,67.23857861573389,647.1713191764386,84.04822326966736,42.02411163483368,942.3149731356441,279.06459372176073,380.0,221.08004125350564,a_favor,a_favor,neutro,en_contra,840.4822326966736,840.4822326966736
5,A5A2900044,A5,A29,A29,False,False,6811.0,6972.450414798107,54.450414798106976,0.0,8741.781032122099,medio_radio,32000.0,23258.218967877903,161.45041479810698,4.547627306252069,22.74393207330137,79.5049566825186,24.95884727635364,19.695051459682134,0.0,4.0,113.81234358017258,1095.443806959161,142.26542947521574,71.13271473760787,826.6984998182071,300.24450445956404,342.0,216.70229666540584,a_favor,en_contra,en_contra,en_contra,1422.6542947521573,1422.6542947521573
5,A39A4500176,A39,A45,A45,False,False,6943.0,6972.6777092594375,28.677709259437506,0.0,717.8558885841908,corto_radio,20000.0,19282.144111415808,29.677709259437506,6.6777092594371785,2.0,5.0,4.0,2.0,0.0,4.0,0.8810587780869498,0.0,0.8810587780869498,4.4052938904347485,825.5855228609914,304.4541084101307,399.0,256.1492485543746,a_favor,neutro,a_favor,a_favor,6.167411446608648,6.167411446608648
5,A15A1000073,A15,A10,A10,False,False,6767.0,6980.592426556865,69.59242655686467,0.0,11800.663396756976,medio_radio,32000.0,20199.336603243024,213.59242655686467,4.777147839388544,29.372660519075467,109.83516902989608,33.514102182024786,26.093346986479794,0.0,4.0,152.82430595003302,1470.9339447690677,191.03038243754128,95.51519121877064,803.5316690059594,312.17663619701955,342.0,219.6311372433631,a_favor,en_contra,en_contra,en_contra,1910.3038243754127,1910.3038243754127
5,A39A1200087,A39,A12,A12,False,False,6758.0,6989.985534049672,66.98553404967242,0.0,12521.68180107389,medio_radio,32000.0,19478.31819892611,231.98553404967242,4.122938518247901,34.801046156771115,114.62664369910647,38.397577439960614,30.03732823558701,0.0,4.0,175.09295312622038,1685.2696738398713,218.8661914077755,109.43309570388774,882.135053136695,301.87532697287,342.0,218.59420021432365,a_favor,neutro,en_contra,en_contra,2188.661914077755,2188.661914077755
5,A6EXTERIOR00048,A6,EXTERIOR,EXTERIOR,False,True,6828.0,6990.292068779594,27.292068779594047,0.0,9718.632130427499,medio_radio,32000.0,22281.367869572503,162.29206877959405,4.0970548505220306,30.92038202304757,98.85357927444491,28.421052631578945,0.0,0.0,4.0,144.0,1386.0,180.0,90.0,841.2441978365276,279.4273367502342,380.0,0.0,a_favor,en_contra,neutro,neutro,1800.0,1800.0
5,A46EXTERIOR00072,A46,EXTERIOR,EXTERIOR,False,True,6840.0,6997.432084078054,22.432084078053776,0.0,9314.71392785715,medio_radio,32000.0,22685.28607214285,157.43208407805378,6.305603523755864,32.88032243230723,89.8251054904112,28.421052631578945,0.0,0.0,4.0,144.0,1386.0,180.0,90.0,925.799079733642,262.7711458057538,380.0,0.0,en_contra,neutro,neutro,neutro,1800.0,1800.0
5,A28EXTERIOR00103,A28,EXTERIOR,EXTERIOR,False,True,6846.0,7004.2989261049615,23.298926104961538,0.0,9497.578603115244,medio_radio,32000.0,22502.421396884754,158.29892610496154,4.3388003256050105,36.605454422922435,88.93361872485444,28.421052631578945,0.0,0.0,4.0,144.0,1386.0,180.0,90.0,935.0794580537981,236.0303986443509,380.0,0.0,en_contra,neutro,neutro,neutro,1800.0,1800.0
5,A24A3700132,A24,A37,A37,False,False,6901.0,7005.223597639638,33.223597639637774,0.0,5133.572420939826,medio_radio,32000.0,26866.427579060175,104.22359763963777,5.972356135297524,17.41477419168146,45.678511347574265,14.193096860476723,10.9648591046079,0.0,4.0,75.50727529773617,726.7575247407107,94.38409412217021,47.192047061085105,954.6162998317213,260.1490245006008,399.0,258.2361338756446,en_contra,a_favor,a_favor,a_favor,943.8409412217021,943.8409412217021
5,A38EXTERIOR00144,A38,EXTERIOR,EXTERIOR,False,True,6851.0,7007.556622944171,21.556622944171068,0.0,9138.902092943126,medio_radio,32000.0,22861.097907056872,156.55662294417107,4.831416879720367,28.880067976720003,94.42408545615136,28.421052631578945,0.0,0.0,4.0,144.0,1386.0,180.0,90.0,880.7074974384351,299.1682708975836,380.0,0.0,neutro,neutro,neutro,neutro,1800.0,1800.0
5,A3A1300020,A3,A13,A13,False,False,6871.0,7026.308351229259,46.30835122925873,0.0,7820.61617413069,medio_radio,32000.0,24179.38382586931,155.30835122925873,5.0003284048378065,24.320906909289658,69.0213278609862,25.468238208383493,19.887854296740144,0.0,4.0,116.13516623022873,1117.8009749659516,145.16895778778593,72.58447889389296,971.7004957226682,286.5069958041808,342.0,218.98132742994932,a_favor,a_favor,en_contra,en_contra,1451.6895778778592,1451.6895778778592
5,A8EXTERIOR00066,A8,EXTERIOR,EXTERIOR,False,True,6876.0,7027.08914311603,16.089143116029845,0.0,8713.666904629223,medio_radio,32000.0,23286.333095370777,151.08914311602985,5.328953038907666,32.849033076645945,84.49010436889648,28.421052631578945,0.0,0.0,4.0,144.0,1386.0,180.0,90.0,984.2572762948778,263.021440534961,380.0,0.0,en_contra,a_favor,neutro,neutro,1800.0,1800.0
5,A4A1100034,A4,A11,A11,False,False,6843.0,7029.3303797350545,64.33037973505452,0.0,10476.52907876125,medio_radio,32000.0,21523.47092123875,186.33037973505452,5.216882287933708,31.966743645375768,94.14392413227424,25.514152693426563,19.488676976044363,0.0,4.0,129.27170698002791,1244.2401796827685,161.5896337250349,80.79481686251745,792.9817188847477,242.63661337690502,380.0,248.74387408185095,en_contra,en_contra,neutro,neutro,1615.8963372503488,1615.8963372503488
5,A35A600051,A35,A6,A6,False,False,6969.0,7030.839744672191,24.839744672191046,0.0,2306.04481882658,corto_radio,20000.0,17693.95518117342,61.839744672191046,5.756865593660574,9.083103078758723,24.151957293839878,7.255421801502734,5.592396904429735,0.0,4.0,38.59884398399454,371.51387334594745,48.24855497999318,24.12427748999659,922.9410324620886,254.9713042952896,399.0,258.8258083494156,en_contra,a_favor,a_favor,a_favor,482.4855497999318,482.4855497999318
5,A29A200012,A29,A2,A2,False,False,6871.0,7037.097811869738,46.0978118697376,0.0,8882.832668966279,medio_radio,32000.0,23117.16733103372,166.0978118697376,5.183980745379983,29.12517230170945,79.30119156128598,24.058127520098495,18.429339741263576,0.0,4.0,127.989238406924,1231.8964196666434,159.986548008655,79.9932740043275,932.0639920382048,263.6672574796996,399.0,260.43235990236155,en_contra,neutro,a_favor,a_favor,1599.86548008655,1599.86548008655
5,A29A200013,A29,A2,A2,False,False,6879.0,7051.757835434449,52.75783543444868,0.0,9301.55142117603,medio_radio,32000.0,22698.44857882397,172.75783543444868,5.481156072181363,30.853322931111173,83.93279875461221,24.058127520098495,18.432430156445985,0.0,4.0,127.989238406924,1231.8964196666434,159.986548008655,79.9932740043275,880.6305315290938,248.89877571896506,399.0,260.3886953333274,en_contra,neutro,a_favor,a_favor,1599.86548008655,1599.86548008655
5,A11A2800080,A11,A28,A28,False,False,6902.0,7059.00385879818,50.00385879817986,0.0,8255.325335683536,medio_radio,32000.0,23744.674664316466,157.00385879817986,6.648613918540243,26.371910630976107,72.90565873289675,21.37760640887435,19.700069106892816,0.0,4.0,113.72886609521153,1094.6403361664109,142.16108261901442,71.08054130950721,900.8686199600718,258.750003410736,399.0,216.48819887023743,neutro,neutro,a_favor,en_contra,1421.610826190144,1421.610826190144
5,A29A3300146,A29,A33,A33,False,False,6874.0,7077.88873959728,62.88873959727971,0.0,11172.336956765947,medio_radio,32000.0,20827.663043234053,203.8887395972797,4.5917966473984695,33.77206676323355,96.86856634570745,32.82120063431074,25.242925108647974,0.0,4.0,149.66467489245696,1440.522495839898,187.0808436155712,93.5404218077856,892.2538343546355,265.896681908834,342.0,222.33656695136236,en_contra,neutro,en_contra,en_contra,1870.808436155712,1870.808436155712
5,A13A4400092,A13,A44,A44,False,False,6920.0,7078.004098157159,54.004098157159206,0.0,8756.711757863071,medio_radio,32000.0,23243.28824213693,158.0040981571592,4.387794104266318,28.635635190514968,78.12718769538981,20.699275651693313,16.15420551529513,0.0,4.0,110.12014646700842,1059.906409744956,137.65018308376054,68.82509154188027,813.9853290591436,230.7337952890608,399.0,255.6303674979817,en_contra,en_contra,a_favor,a_favor,1376.5018308376052,1376.5018308376052
5,A12A700054,A12,A7,A7,False,False,6869.0,7079.0908739476945,56.09087394769449,0.0,11249.689422508725,medio_radio,32000.0,20750.310577491276,210.0908739476945,4.235761690328621,42.50401447334809,98.22371995160383,30.819438842119293,24.30793899029539,0.0,4.0,163.95941464007464,1578.1093659107185,204.9492683000933,102.47463415004665,963.9887595511194,231.45025241258256,399.0,252.94115027429902,en_contra,a_favor,a_favor,a_favor,2049.492683000933,2049.492683000933
5,A28A1100079,A28,A11,A11,False,False,6954.0,7110.9613380912415,49.96133809124149,0.0,8374.34028732638,medio_radio,32000.0,23625.65971267362,156.9613380912415,6.628834786694477,26.18921313935902,74.48529253474575,22.446486729318067,17.21151090112424,0.0,4.0,113.72886609521153,1094.6403361664109,142.16108261901442,71.08054130950721,881.7636064105824,260.5550586572416,380.0,247.78954637223964,en_contra,neutro,neutro,neutro,1421.610826190144,1421.610826190144
5,A32A800063,A32,A8,A8,False,False,6929.0,7125.117779074857,70.11777907485703,0.0,11078.512077234918,medio_radio,32000.0,20921.48792276508,196.11777907485703,5.288590749898809,32.84751736288673,96.01981232024397,29.358638944688124,22.603219697140435,0.0,4.0,133.87539358777784,1288.5506632823617,167.34424198472232,83.67212099236116,805.1779932571447,244.5397479062555,342.0,222.10673199698175,en_contra,en_contra,en_contra,en_contra,1673.442419847223,1673.442419847223
5,A26A1300090,A26,A13,A13,False,False,6886.0,7131.131193302109,81.13119330210884,0.0,13642.038961887312,medio_radio,32000.0,18357.961038112688,245.13119330210884,6.0691492560457485,37.46664118605763,123.34270275561255,38.160653381324714,30.092046723067938,0.0,4.0,174.0125794188407,1674.8710769063416,217.51572427355086,108.75786213677543,814.7402510993519,278.6680213281498,342.0,216.85037871499233,a_favor,en_contra,en_contra,en_contra,2175.1572427355086,2175.1572427355086
5,A13A700055,A13,A7,A7,False,False,6924.0,7139.336154183231,67.33615418323097,0.0,12096.614812344542,medio_radio,32000.0,19903.385187655458,215.33615418323097,5.639317806029023,37.79575080172186,108.85518262900264,29.626739235164006,23.419163711314816,0.0,4.0,157.6142527310725,1517.0371825365728,197.01781591384065,98.50890795692032,836.1772839278947,250.20948025283104,399.0,252.38025363645173,en_contra,en_contra,a_favor,a_favor,1970.1781591384063,1970.1781591384063
5,A21A1300089,A21,A13,A13,False,False,6946.0,7142.244745910592,59.24474591059243,0.0,10565.112116023538,medio_radio,32000.0,21434.887883976462,196.24474591059243,5.2101666561275515,38.06694333081877,86.53934210295296,31.89811166609019,24.53018215460357,0.0,4.0,145.4553891973713,1400.0081210246985,181.8192364967141,90.90961824835705,970.6624203538473,229.2625198718461,342.0,222.3618667209026,en_contra,a_favor,en_contra,en_contra,1818.192364967141,1818.192364967141
5,A19A1000074,A19,A10,A10,False,False,7025.0,7253.0833289349675,75.08332893496754,0.0,12810.092859361916,medio_radio,32000.0,19189.907140638083,228.08332893496754,5.067119295445736,35.51974648432681,114.23807514477063,35.74634342794774,27.51204458247626,0.0,4.0,163.00332603144167,1568.907013052626,203.75415753930213,101.87707876965106,824.0196682573977,275.34542134758874,342.0,222.17995132475494,neutro,en_contra,en_contra,en_contra,2037.541575393021,2037.541575393021
5,A9A2200068,A9,A22,A22,False,False,7079.0,7271.202088817875,53.20208881787494,0.0,9943.462804728495,medio_radio,32000.0,22056.537195271507,192.20208881787494,4.516345650801845,30.448242589265973,91.89050480714005,32.394050109137524,22.952945661530304,0.0,4.0,147.71686849766712,1421.774859290046,184.6460856220839,92.32304281104194,928.349362498815,291.08452101549324,342.0,241.33645634628314,a_favor,a_favor,en_contra,neutro,1846.4608562208389,1846.4608562208389
5,A10A3800077,A10,A38,A38,False,False,7083.0,7284.6910420441445,67.69104204414452,0.0,11358.374303795019,medio_radio,32000.0,20641.62569620498,201.69104204414452,6.128016023423055,37.31643329813002,99.12442794653582,28.01005445772538,21.112110318331,0.0,4.0,141.91760925247527,1365.9569890550745,177.39701156559408,88.69850578279704,826.8135417387667,228.1851667633846,380.0,252.07855902244745,en_contra,en_contra,neutro,a_favor,1773.9701156559408,1773.9701156559408
5,A10A2500076,A10,A25,A25,False,False,7084.0,7296.010086350666,75.01008635066592,0.0,11840.00274505309,medio_radio,32000.0,20159.99725494691,212.01008635066592,5.914030812330205,32.993055864888184,104.41679016589092,31.97629881822847,24.495925478235208,0.0,4.0,145.81192261112182,1403.4397551320474,182.26490326390228,91.13245163195114,806.4448751406834,265.1683855079896,342.0,223.21863702497689,en_contra,en_contra,en_contra,en_contra,1822.6490326390226,1822.6490326390226
