id_vuelo,origen,destino,es_exterior,minuto_salida,duracion_minutos,minuto_llegada_programada,distancia_km,w_ruta
A15A4500306,A15,A45,False,360,64,424,850.4656838178914,0.0008865248226950354
A18A3700349,A18,A37,False,360,48,408,633.4509427645578,0.0008865248226950354
A46A2100409,A46,A21,False,360,59,419,783.9146706432964,0.0008865248226950354
A27A1900364,A27,A19,False,360,10,370,120.40199705796572,0.0008865248226950354
A48A1100240,A48,A11,False,360,159,519,2107.452855709064,0.0008865248226950354
A24A3600446,A24,A36,False,362,19,381,243.8238220885844,0.0008865248226950354
A14A600129,A14,A6,False,365,139,504,1845.3231952897993,0.0008865248226950354
A43EXTERIOR00157,A43,EXTERIOR,True,366,135,501,1800.0,0.0
A35A2700480,A35,A27,False,370,48,418,634.8689242612501,0.0008865248226950354
A2A1400037,A2,A14,False,370,136,506,1805.5318650621266,0.0008865248226950354
A33A4600544,A33,A46,False,373,28,401,364.09783295408687,0.0008865248226950354
A36A900191,A36,A9,False,375,119,494,1579.3571506477688,0.0008865248226950354
A33A4800546,A33,A48,False,375,11,386,136.02572870730367,0.0008865248226950354
A44A2100408,A44,A21,False,378,52,430,686.2592950501278,0.0008865248226950354
A43A2600470,A43,A26,False,383,67,450,886.2417986323068,0.0008865248226950354
A29A4600506,A29,A46,False,387,131,518,1736.8480513092657,0.0008865248226950354
A30EXTERIOR00512,A30,EXTERIOR,True,390,135,525,1800.0,0.0
A23A4100430,A23,A41,False,391,27,418,354.90389883084464,0.0008865248226950354
A33A500118,A33,A5,False,391,47,438,623.4194276057647,0.0008865248226950354
A24A2600440,A24,A26,False,399,66,465,869.7282935395915,0.0008865248226950354
A33A2700477,A33,A27,False,400,9,409,108.01351420149317,0.0008865248226950354
A6A3100136,A6,A31,False,402,34,436,450.4774817352642,0.0008865248226950354
A2A1900041,A2,A19,False,402,37,439,483.29127842110114,0.0008865248226950354
A21A3200400,A21,A32,False,402,18,420,235.9082755028542,0.0008865248226950354
A8A900162,A8,A9,False,402,31,433,406.6819270744396,0.0008865248226950354
A8A2700170,A8,A27,False,406,131,537,1737.448164373825,0.0008865248226950354
A28A2700472,A28,A27,False,406,55,461,731.9851396846772,0.0008865248226950354
A40A200049,A40,A2,False,407,44,451,577.3723908110346,0.0008865248226950354
A28A1300267,A28,A13,False,408,98,506,1297.9342851716788,0.0008865248226950354
A41A2900503,A41,A29,False,408,148,556,1962.5615404994296,0.0008865248226950354
A26A3900468,A26,A39,False,409,16,425,201.54554093104943,0.0008865248226950354
A3A3000066,A3,A30,False,410,66,476,879.1202137071274,0.0008865248226950354
A34A3600547,A34,A36,False,410,43,453,569.7980011830898,0.0008865248226950354
A40A3200531,A40,A32,False,411,25,436,329.36750144098136,0.0008865248226950354
A17A200039,A17,A2,False,414,32,446,415.05385054138367,0.0008865248226950354
A5A4200125,A5,A42,False,415,49,464,647.152168257455,0.0008865248226950354
A41A4400590,A41,A44,False,418,56,474,735.7658261621071,0.0008865248226950354
A38EXTERIOR00457,A38,EXTERIOR,True,420,135,555,1800.0,0.0
A29A2800487,A29,A28,False,421,87,508,1153.4572871825726,0.0008865248226950354
A25A800168,A25,A8,False,421,120,541,1589.6940886157688,0.0008865248226950354
A48A1600329,A48,A16,False,422,24,446,315.3539929455918,0.0008865248226950354
A1A1300007,A1,A13,False,424,99,523,1312.19314365961,0.0008865248226950354
A45A1600327,A45,A16,False,424,52,476,680.0453523329318,0.0008865248226950354
A22A500112,A22,A5,False,424,32,456,418.23348101665704,0.0008865248226950354
A46A100032,A46,A1,False,427,44,471,576.5404826279481,0.0008865248226950354
A7A200033,A7,A2,False,429,70,499,924.6705502366441,0.0008865248226950354
A34EXTERIOR00382,A34,EXTERIOR,True,429,135,564,1800.0,0.0
A28A3500493,A28,A35,False,430,9,439,113.38227142999922,0.0008865248226950354
A22A3600415,A22,A36,False,430,44,474,581.1605752363279,0.0008865248226950354
A7A1100146,A7,A11,False,431,158,589,2098.3945342910924,0.0008865248226950354
A31A400094,A31,A4,False,432,47,479,618.7514576214518,0.0008865248226950354
A3A2400063,A3,A24,False,432,25,457,329.83554684704126,0.0008865248226950354
A24A2200411,A24,A22,False,433,39,472,511.011161030426,0.0008865248226950354
A15A4600307,A15,A46,False,433,49,482,647.1535045230104,0.0008865248226950354
A28A2000378,A28,A20,False,434,17,451,220.4014013604638,0.0008865248226950354
A44EXTERIOR00436,A44,EXTERIOR,True,435,135,570,1800.0,0.0
A10A1600206,A10,A16,False,436,135,571,1799.4972237764694,0.0008865248226950354
A13A2900268,A13,A29,False,437,13,450,160.04376750064446,0.0008865248226950354
A42A3100527,A42,A31,False,437,16,453,210.56770221108576,0.0008865248226950354
A31A2700476,A31,A27,False,438,21,459,274.53829157297116,0.0008865248226950354
A12A3800254,A12,A38,False,438,137,575,1822.4083440099546,0.0008865248226950354
A42EXTERIOR00587,A42,EXTERIOR,True,440,135,575,1800.0,0.0
A16A4500326,A16,A45,False,440,52,492,680.0453523329318,0.0008865248226950354
A39A2100406,A39,A21,False,441,77,518,1016.7959891800856,0.0008865248226950354
A36A900192,A36,A9,False,441,119,560,1579.3571506477688,0.0008865248226950354
A7A2200150,A7,A22,False,441,35,476,460.90080288160755,0.0008865248226950354
A22A4800423,A22,A48,False,441,19,460,248.63441518082186,0.0008865248226950354
A10A4500223,A10,A45,False,442,161,603,2140.870773427727,0.0008865248226950354
A1A2700018,A1,A27,False,442,50,492,657.2135525873013,0.0008865248226950354
A27A4700486,A27,A47,False,442,8,450,93.47275111798372,0.0008865248226950354
A16A2200314,A16,A22,False,443,13,456,172.2810332928819,0.0008865248226950354
A30A3600511,A30,A36,False,445,67,512,887.5562026323255,0.0008865248226950354
A47A1200261,A47,A12,False,445,155,600,2064.6859936516475,0.0008865248226950354
A41A3600564,A41,A36,False,445,56,501,744.0747800394324,0.0008865248226950354
A22A300061,A22,A3,False,447,25,472,330.2886754571068,0.0008865248226950354
A45A3300542,A45,A33,False,448,40,488,528.1855683450217,0.0008865248226950354
A25A2200412,A25,A22,False,448,27,475,356.84999270205583,0.0008865248226950354
A33A300069,A33,A3,False,448,42,490,549.5087791379076,0.0008865248226950354
A18A800164,A18,A8,False,449,144,593,1915.2727658421345,0.0008865248226950354
A19A3900371,A19,A39,False,449,48,497,628.9995077421273,0.0008865248226950354
A25A100016,A25,A1,False,451,39,490,515.3217061553635,0.0008865248226950354
A35A3900554,A35,A39,False,452,54,506,709.331536880702,0.0008865248226950354
A11A2800231,A11,A28,False,454,107,561,1421.610826190144,0.0008865248226950354
A26A200044,A26,A2,False,455,68,523,896.4560443448356,0.0008865248226950354
A10A3300218,A10,A33,False,455,151,606,2000.5453991919555,0.0008865248226950354
A27A1800345,A27,A18,False,455,14,469,186.44674635323247,0.0008865248226950354
A23A800167,A23,A8,False,456,117,573,1549.1168246843565,0.0008865248226950354
A39A4500580,A39,A45,False,456,1,457,6.167411446608648,0.0008865248226950354
A27A4600485,A27,A46,False,457,32,489,413.6022603823738,0.0008865248226950354
A9A2800187,A9,A28,False,457,107,564,1421.2953230588369,0.0008865248226950354
A38A500122,A38,A5,False,457,13,470,172.03837845427256,0.0008865248226950354
A18A2400343,A18,A24,False,458,65,523,861.0429751789829,0.0008865248226950354
A25A800169,A25,A8,False,458,120,578,1589.6940886157688,0.0008865248226950354
A46A900198,A46,A9,False,458,150,608,1993.0979313355485,0.0008865248226950354
A7A500104,A7,A5,False,458,30,488,399.05563758289543,0.0008865248226950354
A39A1500304,A39,A15,False,459,65,524,855.5668204124727,0.0008865248226950354
A47A2300439,A47,A23,False,459,34,493,442.4590911585641,0.0008865248226950354
A44A2800496,A44,A28,False,460,14,474,177.57356996025786,0.0008865248226950354
A16A1800313,A16,A18,False,460,24,484,310.6904999012109,0.0008865248226950354
A18A4000352,A18,A40,False,462,6,468,66.79945608228144,0.0008865248226950354
A12A1700245,A12,A17,False,462,155,617,2054.481092996034,0.0008865248226950354
A6A4000141,A6,A40,False,463,29,492,378.55396065790075,0.0008865248226950354
A5A3500120,A5,A35,False,464,15,479,190.69750774061572,0.0008865248226950354
A40A1900372,A40,A19,False,464,9,473,119.17094010727045,0.0008865248226950354
A7A2900154,A7,A29,False,464,137,601,1821.5071967437443,0.0008865248226950354
A47A1300282,A47,A13,False,464,151,615,2012.8159352444975,0.0008865248226950354
A1A3200019,A1,A32,False,465,49,514,650.0141014752312,0.0008865248226950354
A35A2900499,A35,A29,False,465,95,560,1266.0528779795952,0.0008865248226950354
A48A3500560,A48,A35,False,466,48,514,628.826260502361,0.0008865248226950354
A25A3300455,A25,A33,False,467,37,504,486.779719430759,0.0008865248226950354
A33A3000509,A33,A30,False,468,32,500,424.2737109454164,0.0008865248226950354
A24A1400284,A24,A14,False,468,112,580,1492.3539173492657,0.0008865248226950354
A15A100009,A15,A1,False,469,57,526,757.1009923109397,0.0008865248226950354
A10A4000222,A10,A40,False,470,155,625,2063.451224266976,0.0008865248226950354
A21A2800396,A21,A28,False,471,65,536,863.828311489942,0.0008865248226950354
A41A2900504,A41,A29,False,473,148,621,1962.5615404994296,0.0008865248226950354
A39A2900502,A39,A29,False,473,148,621,1960.7371035028907,0.0008865248226950354
A18A3600348,A18,A36,False,473,68,541,902.3197547145721,0.0008865248226950354
A23A2200410,A23,A22,False,474,17,491,225.61009374611274,0.0008865248226950354
A35A4500558,A35,A45,False,475,54,529,709.6533005991081,0.0008865248226950354
A44A3700568,A44,A37,False,475,70,545,921.2945660161772,0.0008865248226950354
A16A100010,A16,A1,False,475,43,518,561.102447599917,0.0008865248226950354
A16A1200244,A16,A12,False,476,139,615,1852.6930312886523,0.0008865248226950354
A46A1800358,A46,A18,False,477,34,511,443.0559622506722,0.0008865248226950354
A13A3900279,A13,A39,False,477,159,636,2109.4734264293393,0.0008865248226950354
A20A2600377,A20,A26,False,479,54,533,707.9654896348311,0.0008865248226950354
A9A1300180,A9,A13,False,480,19,499,244.47800960116734,0.0008865248226950354
A6A4000140,A6,A40,False,481,29,510,378.55396065790075,0.0008865248226950354
A48A3900584,A48,A39,False,481,30,511,397.9926996752845,0.0008865248226950354
A1A1000005,A1,A10,False,482,100,582,1328.9855428393034,0.0008865248226950354
A6A900128,A6,A9,False,482,133,615,1764.7553582838152,0.0008865248226950354
A3EXTERIOR00062,A3,EXTERIOR,True,482,135,617,1800.0,0.0
A44A4200594,A44,A42,False,483,62,545,825.0483907818793,0.0008865248226950354
A14A4600294,A14,A46,False,483,155,638,2063.2245857431344,0.0008865248226950354
A45A1200260,A45,A12,False,484,165,649,2189.5370160144485,0.0008865248226950354
A23A3900429,A23,A39,False,485,31,516,402.1556566166009,0.0008865248226950354
A31A1900368,A31,A19,False,485,19,504,252.21220881828393,0.0008865248226950354
A30A800171,A30,A8,False,486,155,641,2060.3777075675443,0.0008865248226950354
A19A4700374,A19,A47,False,486,4,490,49.19483405955921,0.0008865248226950354
A35A2100402,A35,A21,False,487,61,548,806.7232768368044,0.0008865248226950354
A21A400086,A21,A4,False,487,59,546,783.4639466662643,0.0008865248226950354
A41A3700566,A41,A37,False,487,23,510,296.05597796667814,0.0008865248226950354
A5A4200124,A5,A42,False,487,49,536,647.152168257455,0.0008865248226950354
A14A2800288,A14,A28,False,490,112,602,1487.711754838058,0.0008865248226950354
A32A2800488,A32,A28,False,491,56,547,744.1560359497983,0.0008865248226950354
A23EXTERIOR00435,A23,EXTERIOR,True,491,135,626,1800.0,0.0
A42A300073,A42,A3,False,491,62,553,813.6600884568032,0.0008865248226950354
A20A3500383,A20,A35,False,492,10,502,133.2511248318592,0.0008865248226950354
A7EXTERIOR00159,A7,EXTERIOR,True,492,135,627,1800.0,0.0
A21A2000376,A21,A20,False,493,51,544,675.7219256377625,0.0008865248226950354
A36A4000562,A36,A40,False,495,63,558,838.7654284162518,0.0008865248226950354
A19A2800365,A19,A28,False,495,64,559,848.0035164380726,0.0008865248226950354
A8A4800177,A8,A48,False,495,136,631,1810.4701413106818,0.0008865248226950354
A30A1300270,A30,A13,False,496,170,666,2260.92360960189,0.0008865248226950354
A35A3300537,A35,A33,False,496,51,547,668.7824396299801,0.0008865248226950354
A45A4300596,A45,A43,False,497,76,573,1000.611019967277,0.0008865248226950354
A21A1100228,A21,A11,False,497,141,638,1871.061255953405,0.0008865248226950354
A10A3200216,A10,A32,False,497,138,635,1837.4461743583383,0.0008865248226950354
A30A700155,A30,A7,False,501,27,528,356.2156571533225,0.0008865248226950354
A39A1300280,A39,A13,False,501,159,660,2109.4734264293393,0.0008865248226950354
A21A2500394,A21,A25,False,501,65,566,862.6248644906542,0.0008865248226950354
A12A2800251,A12,A28,False,502,104,606,1373.6447523234694,0.0008865248226950354
A44A2000387,A44,A20,False,502,8,510,104.08312289977523,0.0008865248226950354
A24A4700450,A24,A47,False,502,59,561,784.7339901709927,0.0008865248226950354
A20A2100375,A20,A21,False,502,51,553,675.7219256377625,0.0008865248226950354
A4A600078,A4,A6,False,503,34,537,443.6796247364035,0.0008865248226950354
A32A3600529,A32,A36,False,503,64,567,844.5048532006836,0.0008865248226950354
A32A4600535,A32,A46,False,503,42,545,554.5192041306906,0.0008865248226950354
A6A400079,A6,A4,False,504,34,538,443.6796247364035,0.0008865248226950354
A18A3800350,A18,A38,False,505,47,552,625.4608836525684,0.0008865248226950354
A29A1000213,A29,A10,False,505,19,524,243.04308067822987,0.0008865248226950354
A2A100002,A2,A1,False,505,49,554,647.3920582511362,0.0008865248226950354
A26A3200463,A26,A32,False,507,50,557,657.420518265275,0.0008865248226950354
A24A2700441,A24,A27,False,507,54,561,708.7244844847864,0.0008865248226950354
A12A500106,A12,A5,False,508,124,632,1650.9900001725334,0.0008865248226950354
A11A4700239,A11,A47,False,508,158,666,2101.044552841519,0.0008865248226950354
A38A3100524,A38,A31,False,510,36,546,479.7372670787222,0.0008865248226950354
A43A2000386,A43,A20,False,510,48,558,637.7128646875979,0.0008865248226950354
A8A4100173,A8,A41,False,510,143,653,1903.8083728873612,0.0008865248226950354
A43A300074,A43,A3,False,511,35,546,464.9218115731531,0.0008865248226950354
A36A2600465,A36,A26,False,512,61,573,800.025744715035,0.0008865248226950354
A4A4000096,A4,A40,False,513,49,562,645.6295884025691,0.0008865248226950354
A14A3300289,A14,A33,False,513,162,675,2149.829272517863,0.0008865248226950354
A10A1200203,A10,A12,False,516,5,521,53.66828798643547,0.0008865248226950354
A27A1000212,A27,A10,False,517,144,661,1919.6556348713368,0.0008865248226950354
A14A2500285,A14,A25,False,519,149,668,1985.9676456719965,0.0008865248226950354
A18A4700360,A18,A47,False,520,7,527,93.04800934469365,0.0008865248226950354
A20A4200385,A20,A42,False,521,55,576,722.3529069284616,0.0008865248226950354
A31A400093,A31,A4,False,522,47,569,618.7514576214518,0.0008865248226950354
A31A1000215,A31,A10,False,522,157,679,2090.6119431276134,0.0008865248226950354
A3A1900060,A3,A19,False,524,45,569,589.9281556086722,0.0008865248226950354
A38A2500458,A38,A25,False,525,5,530,61.11529705302837,0.0008865248226950354
A45A3300543,A45,A33,False,530,40,570,528.1855683450217,0.0008865248226950354
A43A900195,A43,A9,False,531,135,666,1792.115424269603,0.0008865248226950354
A46A3200536,A46,A32,False,532,42,574,554.5192041306906,0.0008865248226950354
A41A2100407,A41,A21,False,532,62,594,822.3591281063335,0.0008865248226950354
A19A2800366,A19,A28,False,533,64,597,848.0035164380726,0.0008865248226950354
A7A900144,A7,A9,False,533,158,691,2098.8176330692804,0.0008865248226950354
A33A4100541,A33,A41,False,533,25,558,323.5519055729154,0.0008865248226950354
A24A500113,A24,A5,False,534,22,556,286.2796358151058,0.0008865248226950354
A43A4700597,A43,A47,False,534,35,569,464.4626341130032,0.0008865248226950354
A45A800174,A45,A8,False,535,143,678,1905.5508096148358,0.0008865248226950354
A27A3000475,A27,A30,False,536,40,576,530.2510540590407,0.0008865248226950354
A18A200040,A18,A2,False,538,43,581,573.2782491797832,0.0008865248226950354
A3A4800077,A3,A48,False,538,44,582,578.8996814906083,0.0008865248226950354
A3A4700075,A3,A47,False,538,43,581,561.1718894422528,0.0008865248226950354
A30A1300269,A30,A13,False,539,170,709,2260.92360960189,0.0008865248226950354
A16A700147,A16,A7,False,539,47,586,615.2885817300005,0.0008865248226950354
A46A900199,A46,A9,False,540,150,690,1993.0979313355485,0.0008865248226950354
A22A4200419,A22,A42,False,542,37,579,491.3011755768626,0.0008865248226950354
A6A3100137,A6,A31,False,542,34,576,450.4774817352642,0.0008865248226950354
A32A2100398,A32,A21,False,543,18,561,235.9082755028542,0.0008865248226950354
A7A4800161,A7,A48,False,543,28,571,373.0911677117486,0.0008865248226950354
A26A3000461,A26,A30,False,543,7,550,87.8156254190357,0.0008865248226950354
A5A2100110,A5,A21,False,547,67,614,880.744837398932,0.0008865248226950354
A20A4400388,A20,A44,False,547,8,555,104.08312289977523,0.0008865248226950354
A22A1300265,A22,A13,False,548,133,681,1764.4895555242927,0.0008865248226950354
A38A2100404,A38,A21,False,548,67,615,886.5942829903405,0.0008865248226950354
A44A2200421,A44,A22,False,550,30,580,396.0065091648905,0.0008865248226950354
A42A3100526,A42,A31,False,550,16,566,210.56770221108576,0.0008865248226950354
A11A3100233,A11,A31,False,551,164,715,2183.6336155702134,0.0008865248226950354
A6A4000142,A6,A40,False,552,29,581,378.55396065790075,0.0008865248226950354
A13A2600266,A13,A26,False,554,164,718,2175.1572427355086,0.0008865248226950354
A28A3900494,A28,A39,False,555,62,617,816.2207523386639,0.0008865248226950354
A25A1200248,A25,A12,False,557,141,698,1871.5482683281834,0.0008865248226950354
A32A3900530,A32,A39,False,557,59,616,781.0281095835007,0.0008865248226950354
A6A2200134,A6,A22,False,559,13,572,170.55713910436435,0.0008865248226950354
A20A800165,A20,A8,False,559,96,655,1277.9807206461,0.0008865248226950354
A30A2000380,A30,A20,False,562,60,622,791.2439180892463,0.0008865248226950354
A23A1400283,A23,A14,False,562,145,707,1930.7144448915521,0.0008865248226950354
A20A4700393,A20,A47,False,567,45,612,587.2432266406279,0.0008865248226950354
A19A3200370,A19,A32,False,567,18,585,237.6746749285526,0.0008865248226950354
A13A1500263,A13,A15,False,567,145,712,1926.6605407637428,0.0008865248226950354
A27A2900474,A27,A29,False,571,135,706,1798.3823843027076,0.0008865248226950354
A48A4100592,A48,A41,False,583,15,598,194.43479222708243,0.0008865248226950354
A43A3900579,A43,A39,False,583,76,659,1005.1130257992451,0.0008865248226950354
A30A4600518,A30,A46,False,587,29,616,383.10355187809085,0.0008865248226950354
A42A3900578,A42,A39,False,591,17,608,225.23642304908265,0.0008865248226950354
A15A600131,A15,A6,False,595,23,618,293.346386146634,0.0008865248226950354
A28A3400492,A28,A34,False,596,39,635,514.6335273110657,0.0008865248226950354
A33A1000219,A33,A10,False,597,151,748,2000.5453991919555,0.0008865248226950354
A30A600135,A30,A6,False,610,53,663,698.7527041542629,0.0008865248226950354
A15A3000302,A15,A30,False,613,56,669,743.2405218755173,0.0008865248226950354
A18A2100340,A18,A21,False,614,41,655,534.0359717374856,0.0008865248226950354
A45A3000516,A45,A30,False,623,20,643,255.40026990975954,0.0008865248226950354
A4A4800102,A4,A48,False,626,42,668,549.9939875552544,0.0008865248226950354
A44EXTERIOR00100,A44,EXTERIOR,True,630,135,765,1800.0,0.0
A41A2700483,A41,A27,False,633,32,665,419.53695180745615,0.0008865248226950354
A37A100024,A37,A1,False,635,73,708,963.1899826116766,0.0008865248226950354
A40A1500305,A40,A15,False,640,28,668,367.76964867057137,0.0008865248226950354
A23A4200431,A23,A42,False,641,34,675,442.1159868037708,0.0008865248226950354
A2A2600045,A2,A26,False,644,68,712,896.4560443448356,0.0008865248226950354
A35A3100522,A35,A31,False,645,53,698,699.1580015384563,0.0008865248226950354
A15EXTERIOR00300,A15,EXTERIOR,True,648,135,783,1800.0,0.0
A20A4500390,A20,A45,False,652,52,704,684.8862868879254,0.0008865248226950354
A3A900056,A3,A9,False,656,115,771,1521.706466702384,0.0008865248226950354
A1A2700017,A1,A27,False,662,50,712,657.2135525873013,0.0008865248226950354
A39EXTERIOR00324,A39,EXTERIOR,True,667,135,802,1800.0,0.0
A48A3500559,A48,A35,False,668,48,716,628.826260502361,0.0008865248226950354
A46A4400598,A46,A44,False,668,40,708,525.7251134348879,0.0008865248226950354
A34A2600464,A34,A26,False,671,38,709,505.5761899114846,0.0008865248226950354
A45A100031,A45,A1,False,672,63,735,830.7283859353166,0.0008865248226950354
A43A1400290,A43,A14,False,679,141,820,1878.7297575472462,0.0008865248226950354
A21A3900405,A21,A39,False,680,77,757,1016.7959891800856,0.0008865248226950354
A9A2200182,A9,A22,False,683,139,822,1846.4608562208389,0.0008865248226950354
A25A3200454,A25,A32,False,683,49,732,643.9533251922243,0.0008865248226950354
A28A1600319,A28,A16,False,686,49,735,646.9351062668277,0.0008865248226950354
A25A2700451,A25,A27,False,699,40,739,521.122217424048,0.0008865248226950354
A11A3300234,A11,A33,False,705,157,862,2091.0395330928095,0.0008865248226950354
A5A4700126,A5,A47,False,710,51,761,670.7154299519178,0.0008865248226950354
A12A4000255,A12,A40,False,710,159,869,2116.1041941027,0.0008865248226950354
A18A1500296,A18,A15,False,723,26,749,343.95225710323007,0.0008865248226950354
A39A3100525,A39,A31,False,733,29,762,380.6454874997206,0.0008865248226950354
A21A3600403,A21,A36,False,740,76,816,1005.5377431384047,0.0008865248226950354
A4A2900090,A4,A29,False,741,102,843,1351.4739524623626,0.0008865248226950354
A43A3500557,A43,A35,False,741,58,799,767.838961056924,0.0008865248226950354
A29A4600507,A29,A46,False,746,131,877,1736.8480513092657,0.0008865248226950354
A26A500114,A26,A5,False,748,47,795,626.6562112183547,0.0008865248226950354
A23A2700425,A23,A27,False,761,31,792,406.25691732910343,0.0008865248226950354
A27A3600481,A27,A36,False,764,60,824,787.540372422636,0.0008865248226950354
A40A3400549,A40,A34,False,771,25,796,320.3719092800738,0.0008865248226950354
A17A3400334,A17,A34,False,774,26,800,339.39489519691574,0.0008865248226950354
A26A4800471,A26,A48,False,776,20,796,265.9458230454404,0.0008865248226950354
A9A3100189,A9,A31,False,778,163,941,2169.019166325685,0.0008865248226950354
A9A2500184,A9,A25,False,785,144,929,1919.1763781522502,0.0008865248226950354
A2A1100036,A2,A11,False,791,132,923,1756.0270159325405,0.0008865248226950354
A27A1200250,A27,A12,False,795,148,943,1972.7206440948758,0.0008865248226950354
A24A3700447,A24,A37,False,802,71,873,943.8409412217021,0.0008865248226950354
A1A200001,A1,A2,False,811,49,860,647.3920582511362,0.0008865248226950354
A47A1500309,A47,A15,False,815,21,836,278.7434753676478,0.0008865248226950354
A7A4800160,A7,A48,False,816,28,844,373.0911677117486,0.0008865248226950354
A32EXTERIOR00532,A32,EXTERIOR,True,827,135,962,1800.0,0.0
A17A300059,A17,A3,False,829,43,872,563.0450038667454,0.0008865248226950354
A10A200034,A10,A2,False,830,126,956,1676.2116588445294,0.0008865248226950354
A4A800081,A4,A8,False,839,97,936,1293.1999855981994,0.0008865248226950354
A48A1700338,A48,A17,False,853,23,876,299.1583152769057,0.0008865248226950354
A1A3400020,A1,A34,False,856,34,890,448.8398530105888,0.0008865248226950354
A31A400092,A31,A4,False,859,47,906,618.7514576214518,0.0008865248226950354
A26A1400286,A26,A14,False,872,177,1049,2355.383745287878,0.0008865248226950354
A5A3400119,A5,A34,False,873,31,904,410.29758549716223,0.0008865248226950354
A12A1500242,A12,A15,False,875,148,1023,1963.954619535641,0.0008865248226950354
A37A1200253,A37,A12,False,875,174,1049,2317.3636432796834,0.0008865248226950354
A40A4400588,A40,A44,False,875,53,928,695.4667713893595,0.0008865248226950354
A32A500117,A32,A5,False,890,53,943,697.0778368477029,0.0008865248226950354
A23A4500437,A23,A45,False,900,31,931,400.74784226286096,0.0008865248226950354
A18A1000207,A18,A10,False,901,158,1059,2102.4323382905222,0.0008865248226950354
A21A3200399,A21,A32,False,908,18,926,235.9082755028542,0.0008865248226950354
A34A4100550,A34,A41,False,912,32,944,426.180012530034,0.0008865248226950354
A38A3400548,A38,A34,False,916,29,945,386.1277676149036,0.0008865248226950354
A45A2000389,A45,A20,False,916,52,968,684.8862868879254,0.0008865248226950354
A43A4200593,A43,A42,False,917,67,984,881.6889098767582,0.0008865248226950354
A20A1100227,A20,A11,False,917,119,1036,1585.1105125920988,0.0008865248226950354
A17A4200336,A17,A42,False,922,40,962,531.2429793907271,0.0008865248226950354
A41A4800591,A41,A48,False,923,15,938,194.43479222708243,0.0008865248226950354
A18A2900346,A18,A29,False,924,149,1073,1976.058477322237,0.0008865248226950354
A47A1800359,A47,A18,False,926,7,933,93.04800934469365,0.0008865248226950354
A31A2400442,A31,A24,False,930,60,990,794.8720285451784,0.0008865248226950354
A43A3400552,A43,A34,False,934,36,970,477.1365767054583,0.0008865248226950354
A22A900183,A22,A9,False,934,139,1073,1846.4608562208389,0.0008865248226950354
A3A4000071,A3,A40,False,935,46,981,612.9579102539792,0.0008865248226950354
A15A600132,A15,A6,False,937,23,960,293.346386146634,0.0008865248226950354
A14A600130,A14,A6,False,938,139,1077,1845.3231952897993,0.0008865248226950354
A39A3000513,A39,A30,False,939,20,959,261.0964420386904,0.0008865248226950354
A46A3800576,A46,A38,False,940,15,955,192.93768603791037,0.0008865248226950354
A1A3700023,A1,A37,False,954,73,1027,963.1899826116766,0.0008865248226950354
A10A3600221,A10,A36,False,957,111,1068,1471.9739396987536,0.0008865248226950354
A41A4000585,A41,A40,False,958,23,981,293.6741012437722,0.0008865248226950354
A9A2700186,A9,A27,False,961,149,1110,1985.7184241607497,0.0008865248226950354
A24A3100443,A24,A31,False,967,60,1027,794.8720285451784,0.0008865248226950354
A22A4400422,A22,A44,False,972,30,1002,396.0065091648905,0.0008865248226950354
A38A2400448,A38,A24,False,972,34,1006,450.3788661090381,0.0008865248226950354
A16A2400317,A16,A24,False,975,47,1022,621.6049694481405,0.0008865248226950354
A25A3200452,A25,A32,False,981,49,1030,643.9533251922243,0.0008865248226950354
A10A700145,A10,A7,False,982,151,1133,2000.9661566290476,0.0008865248226950354
A39A1800351,A39,A18,False,983,43,1026,566.9007720635053,0.0008865248226950354
A33A600138,A33,A6,False,984,24,1008,313.6353263957558,0.0008865248226950354
A28A4200495,A28,A42,False,986,68,1054,897.0829050638444,0.0008865248226950354
A42A2700484,A42,A27,False,987,37,1024,483.7409460570445,0.0008865248226950354
A14A2800287,A14,A28,False,988,112,1100,1487.711754838058,0.0008865248226950354
A30EXTERIOR00156,A30,EXTERIOR,True,988,135,1123,1800.0,0.0
A38A500121,A38,A5,False,988,13,1001,172.03837845427256,0.0008865248226950354
A16A1700310,A16,A17,False,989,16,1005,208.49814094972285,0.0008865248226950354
A6A800127,A6,A8,False,992,115,1107,1521.4134435721833,0.0008865248226950354
A2A4000050,A2,A40,False,992,44,1036,577.3723908110346,0.0008865248226950354
A22A3900418,A22,A39,False,993,42,1035,548.4509881306111,0.0008865248226950354
A3EXTERIOR00072,A3,EXTERIOR,True,995,135,1130,1800.0,0.0
A33A4100540,A33,A41,False,995,25,1020,323.5519055729154,0.0008865248226950354
A44EXTERIOR00569,A44,EXTERIOR,True,1000,135,1135,1800.0,0.0
A42A4000586,A42,A40,False,1001,26,1027,339.17476184921713,0.0008865248226950354
A17A100011,A17,A1,False,1001,58,1059,766.092386448478,0.0008865248226950354
A9A3300190,A9,A33,False,1001,156,1157,2070.8497250686564,0.0008865248226950354
A9A1000178,A9,A10,False,1001,11,1012,138.41014657394732,0.0008865248226950354
A13A3200273,A13,A32,False,1002,139,1141,1848.7841564303772,0.0008865248226950354
A28A2600460,A28,A26,False,1005,66,1071,879.4093336777205,0.0008865248226950354
A35A2900500,A35,A29,False,1009,95,1104,1266.0528779795952,0.0008865248226950354
A18EXTERIOR00354,A18,EXTERIOR,True,1009,135,1144,1800.0,0.0
A46A3900581,A46,A39,False,1011,21,1032,276.2867328718196,0.0008865248226950354
A38A3600561,A38,A36,False,1013,26,1039,336.5489354925781,0.0008865248226950354
A18A4300357,A18,A43,False,1015,41,1056,541.4665635698041,0.0008865248226950354
A37A900193,A37,A9,False,1015,178,1193,2367.625401717146,0.0008865248226950354
A37A1300277,A37,A13,False,1016,168,1184,2236.8315550506118,0.0008865248226950354
A48A900200,A48,A9,False,1016,157,1173,2092.6736692155564,0.0008865248226950354
A31A2200414,A31,A22,False,1017,25,1042,324.75615522875347,0.0008865248226950354
A3A1600058,A3,A16,False,1017,27,1044,355.1206024922491,0.0008865248226950354
A2A2200042,A2,A22,False,1018,35,1053,464.58199572944847,0.0008865248226950354
A44A3800575,A44,A38,False,1022,34,1056,450.4213808534447,0.0008865248226950354
A39A4600582,A39,A46,False,1022,21,1043,276.2867328718196,0.0008865248226950354
A31A2600462,A31,A26,False,1024,17,1041,217.99344128347855,0.0008865248226950354
A48A1800361,A48,A18,False,1025,15,1040,196.67462613670955,0.0008865248226950354
A38A200048,A38,A2,False,1025,63,1088,829.8466460407933,0.0008865248226950354
A12A1600243,A12,A16,False,1026,139,1165,1852.6930312886523,0.0008865248226950354
A18A100012,A18,A1,False,1026,62,1088,819.414177189591,0.0008865248226950354
A41A400098,A41,A4,False,1026,46,1072,612.4043941829625,0.0008865248226950354
A39EXTERIOR00322,A39,EXTERIOR,True,1027,135,1162,1800.0,0.0
A42A2600469,A42,A26,False,1027,2,1029,25.009689540023246,0.0008865248226950354
A48A3800577,A48,A38,False,1028,33,1061,433.2364513993422,0.0008865248226950354
A13A3800278,A13,A38,False,1028,131,1159,1743.0688752538113,0.0008865248226950354
A46A4200595,A46,A42,False,1028,24,1052,314.3483432764354,0.0008865248226950354
A42A2300432,A42,A23,False,1029,34,1063,442.1159868037708,0.0008865248226950354
A20A4600392,A20,A46,False,1030,32,1062,421.64492971860113,0.0008865248226950354
A22A1800341,A22,A18,False,1030,27,1057,350.8796883000202,0.0008865248226950354
A16A2200316,A16,A22,False,1030,13,1043,172.2810332928819,0.0008865248226950354
A5A700103,A5,A7,False,1031,30,1061,399.05563758289543,0.0008865248226950354
A10A1100201,A10,A11,False,1033,8,1041,98.65065543739362,0.0008865248226950354
A26A2100395,A26,A21,False,1033,67,1100,890.3977935223659,0.0008865248226950354
A34A1800347,A34,A18,False,1033,28,1061,370.6119057277483,0.0008865248226950354
A4A4300099,A4,A43,False,1033,57,1090,747.2450087029965,0.0008865248226950354
A36A4500565,A36,A45,False,1034,52,1086,693.3326581285623,0.0008865248226950354
A4A100004,A4,A1,False,1035,16,1051,209.25002071338642,0.0008865248226950354
A16A500109,A16,A5,False,1037,44,1081,580.7173247207536,0.0008865248226950354
A44A1200257,A44,A12,False,1042,109,1151,1440.9956492925742,0.0008865248226950354
A5A4000123,A5,A40,False,1042,50,1092,660.285548224273,0.0008865248226950354
A16A800163,A16,A8,False,1043,122,1165,1621.8638266266337,0.0008865248226950354
A4A800082,A4,A8,False,1043,97,1140,1293.1999855981994,0.0008865248226950354
A22A2900413,A22,A29,False,1044,123,1167,1633.7946102220244,0.0008865248226950354
A45A900196,A45,A9,False,1045,168,1213,2237.933136438554,0.0008865248226950354
A26A3700466,A26,A37,False,1045,19,1064,240.81120460594514,0.0008865248226950354
A13A1900264,A13,A19,False,1046,154,1200,2040.989697483016,0.0008865248226950354
A4A4100097,A4,A41,False,1046,46,1092,612.4043941829625,0.0008865248226950354
A28A4500497,A28,A45,False,1047,62,1109,816.8452723786116,0.0008865248226950354
A28A1900367,A28,A19,False,1047,64,1111,848.0035164380726,0.0008865248226950354
A40A1800353,A40,A18,False,1050,6,1056,66.79945608228144,0.0008865248226950354
A35A4200556,A35,A42,False,1050,59,1109,784.0106972275527,0.0008865248226950354
A8A4700176,A8,A47,False,1052,138,1190,1827.1443840374911,0.0008865248226950354
A42A1100238,A42,A11,False,1052,174,1226,2306.70459735492,0.0008865248226950354
A23A1800342,A23,A18,False,1053,37,1090,489.43976309618967,0.0008865248226950354
A34A2700479,A34,A27,False,1055,17,1072,220.73563198051775,0.0008865248226950354
A41A1800355,A41,A18,False,1055,26,1081,345.68168972553354,0.0008865248226950354
A41A1100237,A41,A11,False,1055,167,1222,2217.916761283186,0.0008865248226950354
A46A2800498,A46,A28,False,1056,44,1100,583.5017618598334,0.0008865248226950354
A26A2700459,A26,A27,False,1056,37,1093,488.33653972598376,0.0008865248226950354
A27A1600318,A27,A16,False,1057,10,1067,124.31362743672923,0.0008865248226950354
A41A3400551,A41,A34,False,1057,32,1089,426.180012530034,0.0008865248226950354
A13A3100271,A13,A31,False,1058,157,1215,2080.294450978659,0.0008865248226950354
A28A300065,A28,A3,False,1059,27,1086,358.6843702870508,0.0008865248226950354
A9A2900188,A9,A29,False,1060,29,1089,380.9250504766648,0.0008865248226950354
A14A4400292,A14,A44,False,1060,117,1177,1546.8054904647022,0.0008865248226950354
A42A3000515,A42,A30,False,1060,6,1066,69.19902806408173,0.0008865248226950354
A1A2300014,A1,A23,False,1061,34,1095,443.2709269234354,0.0008865248226950354
A10A2000209,A10,A20,False,1061,112,1173,1490.3164022491364,0.0008865248226950354
A33A1300274,A33,A13,False,1062,150,1212,1998.4631420018218,0.0008865248226950354
A32A3300528,A32,A33,False,1062,21,1083,274.5688067612671,0.0008865248226950354
A20A2800379,A20,A28,False,1062,17,1079,220.4014013604638,0.0008865248226950354
A11A1000202,A11,A10,False,1065,8,1073,98.65065543739362,0.0008865248226950354
A28A1500301,A28,A15,False,1066,65,1131,853.8386145260547,0.0008865248226950354
A27A3400478,A27,A34,False,1066,17,1083,220.73563198051775,0.0008865248226950354
A16A4100325,A16,A41,False,1066,38,1104,505.8636902101464,0.0008865248226950354
A45A1400293,A45,A14,False,1066,173,1239,2304.501706456529,0.0008865248226950354
A44A2300434,A44,A23,False,1066,30,1096,392.16969756351546,0.0008865248226950354
A1A2400015,A1,A24,False,1068,7,1075,88.12946672105942,0.0008865248226950354
A31A2000381,A31,A20,False,1068,46,1114,608.6092944958478,0.0008865248226950354
A5A2200111,A5,A22,False,1069,32,1101,418.23348101665704,0.0008865248226950354
A32A4400534,A32,A44,False,1071,44,1115,574.4366973770883,0.0008865248226950354
A26A1700333,A26,A17,False,1072,41,1113,540.970702324297,0.0008865248226950354
A37A1300276,A37,A13,False,1072,168,1240,2236.8315550506118,0.0008865248226950354
A19A3100369,A19,A31,False,1073,19,1092,252.21220881828393,0.0008865248226950354
A11A1800225,A11,A18,False,1073,165,1238,2192.1810172816513,0.0008865248226950354
A29EXTERIOR00508,A29,EXTERIOR,True,1074,135,1209,1800.0,0.0
A34A4500553,A34,A45,False,1074,43,1117,560.7570976607178,0.0008865248226950354
A2A1500038,A2,A15,False,1076,20,1096,258.95817400289934,0.0008865248226950354
A26A1200249,A26,A12,False,1076,169,1245,2246.2316190737783,0.0008865248226950354
A1A4500030,A1,A45,False,1076,63,1139,830.7283859353166,0.0008865248226950354
A40A4700589,A40,A47,False,1079,7,1086,89.90005993086052,0.0008865248226950354
A16A1700311,A16,A17,False,1079,16,1095,208.49814094972285,0.0008865248226950354
A40A3800573,A40,A38,False,1079,42,1121,558.7386619162088,0.0008865248226950354
A39A1600323,A39,A16,False,1080,52,1132,684.3648944449627,0.0008865248226950354
A26A3800467,A26,A38,False,1080,35,1115,463.8881543847587,0.0008865248226950354
A1A1000006,A1,A10,False,1081,100,1181,1328.9855428393034,0.0008865248226950354
A3A2400064,A3,A24,False,1081,25,1106,329.83554684704126,0.0008865248226950354
A40A1100236,A40,A11,False,1081,162,1243,2154.240194354,0.0008865248226950354
A33A2100401,A33,A21,False,1083,38,1121,503.76856832954854,0.0008865248226950354
A10A3300217,A10,A33,False,1084,151,1235,2000.5453991919555,0.0008865248226950354
A23A400089,A23,A4,False,1085,20,1105,257.9347494192907,0.0008865248226950354
A33A3000510,A33,A30,False,1085,32,1117,424.2737109454164,0.0008865248226950354
A4A1800084,A4,A18,False,1085,53,1138,705.5465668216615,0.0008865248226950354
A22A3700416,A22,A37,False,1087,51,1138,667.5644078871195,0.0008865248226950354
A34A200046,A34,A2,False,1088,35,1123,455.0284087517573,0.0008865248226950354
A48A1000224,A48,A10,False,1088,152,1240,2014.531738181913,0.0008865248226950354
A35A1100235,A35,A11,False,1088,115,1203,1530.9801170791595,0.0008865248226950354
A32A1300272,A32,A13,False,1088,139,1227,1848.7841564303772,0.0008865248226950354
A6A2000133,A6,A20,False,1089,27,1116,349.53111584556456,0.0008865248226950354
A10A2600210,A10,A26,False,1091,165,1256,2195.78099033941,0.0008865248226950354
A4A4700101,A4,A47,False,1091,48,1139,638.3261372791534,0.0008865248226950354
A16A3800321,A16,A38,False,1091,42,1133,556.9650528785851,0.0008865248226950354
A26A1500299,A26,A15,False,1091,54,1145,713.4780493309426,0.0008865248226950354
A8A2200166,A8,A22,False,1091,118,1209,1573.3272708192892,0.0008865248226950354
A4A2300088,A4,A23,False,1092,20,1112,257.9347494192907,0.0008865248226950354
A13EXTERIOR00107,A13,EXTERIOR,True,1092,135,1227,1800.0,0.0
A27A2800473,A27,A28,False,1092,55,1147,731.9851396846772,0.0008865248226950354
A26A900185,A26,A9,False,1096,172,1268,2283.898813952029,0.0008865248226950354
A15EXTERIOR00297,A15,EXTERIOR,True,1096,135,1231,1800.0,0.0
A32EXTERIOR00489,A32,EXTERIOR,True,1096,135,1231,1800.0,0.0
A1A2100013,A1,A21,False,1097,57,1154,754.5115369969902,0.0008865248226950354
A12A4100256,A12,A41,False,1097,164,1261,2173.424586933341,0.0008865248226950354
A1A3900026,A1,A39,False,1097,63,1160,830.9705212672968,0.0008865248226950354
A3A600053,A3,A6,False,1098,20,1118,255.06550901453016,0.0008865248226950354
A46A1700337,A46,A17,False,1099,39,1138,518.5371401503617,0.0008865248226950354
A46A900197,A46,A9,False,1100,150,1250,1993.0979313355485,0.0008865248226950354
A26A1000211,A26,A10,False,1100,165,1265,2195.78099033941,0.0008865248226950354
A35A100021,A35,A1,False,1102,11,1113,140.11490037445142,0.0008865248226950354
A39A100027,A39,A1,False,1104,63,1167,830.9705212672968,0.0008865248226950354
A27A1900363,A27,A19,False,1104,10,1114,120.40199705796572,0.0008865248226950354
A2A4200051,A2,A42,False,1104,68,1172,894.0199133077269,0.0008865248226950354
A24A4100449,A24,A41,False,1104,60,1164,799.7721048151758,0.0008865248226950354
A18A2400344,A18,A24,False,1105,65,1170,861.0429751789829,0.0008865248226950354
A15A1000205,A15,A10,False,1105,144,1249,1910.3038243754127,0.0008865248226950354
A46A800175,A46,A8,False,1105,126,1231,1678.5663193030575,0.0008865248226950354
A23A4600438,A23,A46,False,1105,11,1116,133.67075789093946,0.0008865248226950354
A17A1200246,A17,A12,False,1106,155,1261,2054.481092996034,0.0008865248226950354
A36A4000563,A36,A40,False,1109,63,1172,838.7654284162518,0.0008865248226950354
A22A700151,A22,A7,False,1111,35,1146,460.90080288160755,0.0008865248226950354
A10A1900208,A10,A19,False,1112,153,1265,2037.541575393021,0.0008865248226950354
A7A2900153,A7,A29,False,1112,137,1249,1821.5071967437443,0.0008865248226950354
A32A400095,A32,A4,False,1113,47,1160,620.9465417594147,0.0008865248226950354
A42A3200533,A42,A32,False,1113,49,1162,652.9334293236003,0.0008865248226950354
A43A1400291,A43,A14,False,1113,141,1254,1878.7297575472462,0.0008865248226950354
A11A2300229,A11,A23,False,1116,140,1256,1866.3299695614078,0.0008865248226950354
A15A500108,A15,A5,False,1117,61,1178,808.1881531890599,0.0008865248226950354
A25A2300424,A25,A23,False,1117,11,1128,135.0700927482782,0.0008865248226950354
A38A4300574,A38,A43,False,1118,65,1183,860.1246846564533,0.0008865248226950354
A4A2900091,A4,A29,False,1119,102,1221,1351.4739524623626,0.0008865248226950354
A16A3000320,A16,A30,False,1120,48,1168,632.7357538648241,0.0008865248226950354
A39A4700583,A39,A47,False,1120,45,1165,588.5023733762257,0.0008865248226950354
A1A4200028,A1,A42,False,1120,67,1187,882.4884835561603,0.0008865248226950354
A12A4500259,A12,A45,False,1121,165,1286,2189.5370160144485,0.0008865248226950354
A48A4600600,A48,A46,False,1122,19,1141,246.95995968802353,0.0008865248226950354
A10A1400204,A10,A14,False,1122,13,1135,168.49206531568365,0.0008865248226950354
A32A2500453,A32,A25,False,1122,49,1171,643.9533251922243,0.0008865248226950354
A13A3400275,A13,A34,False,1122,131,1253,1742.6604025568377,0.0008865248226950354
A35A1000220,A35,A10,False,1124,108,1232,1434.2833944885856,0.0008865248226950354
A39A3000514,A39,A30,False,1124,20,1144,261.0964420386904,0.0008865248226950354
A1A400003,A1,A4,False,1125,16,1141,209.25002071338642,0.0008865248226950354
A32A1200252,A32,A12,False,1125,142,1267,1890.9785708369604,0.0008865248226950354
A11A2900232,A11,A29,False,1126,25,1151,331.6232399595848,0.0008865248226950354
A14EXTERIOR00181,A14,EXTERIOR,True,1128,135,1263,1800.0,0.0
A1A1400008,A1,A14,False,1129,112,1241,1488.0965202409527,0.0008865248226950354
A31A500116,A31,A5,False,1130,46,1176,607.0991799431557,0.0008865248226950354
A8A700143,A8,A7,False,1131,133,1264,1765.0461473561031,0.0008865248226950354
A13A4500281,A13,A45,False,1131,159,1290,2110.5996645427895,0.0008865248226950354
A9A300055,A9,A3,False,1131,115,1246,1521.706466702384,0.0008865248226950354
A33A3600538,A33,A36,False,1132,60,1192,799.0331111023443,0.0008865248226950354
A47A300076,A47,A3,False,1132,43,1175,561.1718894422528,0.0008865248226950354
A22A1500298,A22,A15,False,1133,30,1163,397.02676347674225,0.0008865248226950354
A16A1500295,A16,A15,False,1133,18,1151,227.6236713869226,0.0008865248226950354
A2A3500047,A2,A35,False,1133,54,1187,711.2554399673553,0.0008865248226950354
A39A300070,A39,A3,False,1133,63,1196,827.8233017784099,0.0008865248226950354
A10A200035,A10,A2,False,1135,126,1261,1676.2116588445294,0.0008865248226950354
A47A1600328,A47,A16,False,1137,17,1154,217.6504066616862,0.0008865248226950354
A19EXTERIOR00330,A19,EXTERIOR,True,1139,135,1274,1800.0,0.0
A2A4600052,A2,A46,False,1139,57,1196,750.864137257965,0.0008865248226950354
A8A4100172,A8,A41,False,1140,143,1283,1903.8083728873612,0.0008865248226950354
A4A2000085,A4,A20,False,1141,9,1150,119.3230807861208,0.0008865248226950354
A36A2000384,A36,A20,False,1141,25,1166,331.1170481544353,0.0008865248226950354
A21A1800339,A21,A18,False,1144,41,1185,534.0359717374856,0.0008865248226950354
A12A4500258,A12,A45,False,1148,165,1313,2189.5370160144485,0.0008865248226950354
A33A4700545,A33,A47,False,1152,5,1157,57.649060566867554,0.0008865248226950354
A24A3300444,A24,A33,False,1152,57,1209,752.5799849522912,0.0008865248226950354
A7A1600148,A7,A16,False,1155,47,1202,615.2885817300005,0.0008865248226950354
A37A4300567,A37,A43,False,1156,84,1240,1108.3418897853173,0.0008865248226950354
A14A400083,A14,A4,False,1156,127,1283,1681.2980277418574,0.0008865248226950354
A10A3100214,A10,A31,False,1157,157,1314,2090.6119431276134,0.0008865248226950354
A42A1800356,A42,A18,False,1160,29,1189,379.8659935939703,0.0008865248226950354
A28A3200490,A28,A32,False,1167,56,1223,744.1560359497983,0.0008865248226950354
A1EXTERIOR00029,A1,EXTERIOR,True,1171,135,1306,1800.0,0.0
A32A2100397,A32,A21,False,1172,18,1190,235.9082755028542,0.0008865248226950354
A20A700149,A20,A7,False,1174,42,1216,555.3925757752291,0.0008865248226950354
A21A1900362,A21,A19,False,1174,34,1208,443.68521701318673,0.0008865248226950354
A29A4600505,A29,A46,False,1175,131,1306,1736.8480513092657,0.0008865248226950354
A7A2800152,A7,A28,False,1176,51,1227,677.5247026415861,0.0008865248226950354
A25A3700456,A25,A37,False,1178,34,1212,449.52975175053353,0.0008865248226950354
A36A2900501,A36,A29,False,1178,96,1274,1278.9368351863052,0.0008865248226950354
A31A3200519,A31,A32,False,1178,34,1212,443.44830500219496,0.0008865248226950354
A16A2200315,A16,A22,False,1179,13,1192,172.2810332928819,0.0008865248226950354
A45A3700570,A45,A37,False,1180,10,1190,133.2077308661769,0.0008865248226950354
A37EXTERIOR00303,A37,EXTERIOR,True,1180,135,1315,1800.0,0.0
A3A800054,A3,A8,False,1181,96,1277,1267.4394046079499,0.0008865248226950354
A44A4700599,A44,A47,False,1182,50,1232,663.4297749409953,0.0008865248226950354
A1A3500022,A1,A35,False,1189,11,1200,140.11490037445142,0.0008865248226950354
A15A1300262,A15,A13,False,1190,145,1335,1926.6605407637428,0.0008865248226950354
A5A900105,A5,A9,False,1192,128,1320,1702.5859239249096,0.0008865248226950354
A25A1700332,A25,A17,False,1193,48,1241,633.4162745389538,0.0008865248226950354
A35EXTERIOR00139,A35,EXTERIOR,True,1197,135,1332,1800.0,0.0
A2A2600043,A2,A26,False,1204,68,1272,896.4560443448356,0.0008865248226950354
A4A2200087,A4,A22,False,1205,28,1233,367.3442150219265,0.0008865248226950354
A31A3500521,A31,A35,False,1210,53,1263,699.1580015384563,0.0008865248226950354
A12A300057,A12,A3,False,1213,113,1326,1504.1803029279924,0.0008865248226950354
A33A2400445,A33,A24,False,1219,57,1276,752.5799849522912,0.0008865248226950354
A23A4300433,A23,A43,False,1219,53,1272,704.6360427814351,0.0008865248226950354
A46A1500308,A46,A15,False,1220,49,1269,647.1535045230104,0.0008865248226950354
A17A3900335,A17,A39,False,1226,53,1279,696.0233262582285,0.0008865248226950354
A37A100025,A37,A1,False,1228,73,1301,963.1899826116766,0.0008865248226950354
A19EXTERIOR00373,A19,EXTERIOR,True,1233,135,1368,1800.0,0.0
A22A3800417,A22,A38,False,1240,29,1269,384.7140542725419,0.0008865248226950354
A45A2000391,A45,A20,False,1246,52,1298,684.8862868879254,0.0008865248226950354
A11A1900226,A11,A19,False,1251,160,1411,2126.00992099589,0.0008865248226950354
A31EXTERIOR00068,A31,EXTERIOR,True,1258,135,1393,1800.0,0.0
A45A3000517,A45,A30,False,1262,20,1282,255.40026990975954,0.0008865248226950354
A7A4500158,A7,A45,False,1262,11,1273,140.54399182600483,0.0008865248226950354
A12A1400241,A12,A14,False,1265,10,1275,131.6043708417998,0.0008865248226950354
A23A3900428,A23,A39,False,1267,31,1298,402.1556566166009,0.0008865248226950354
A43A2200420,A43,A22,False,1270,37,1307,483.4186967159427,0.0008865248226950354
A9A3900194,A9,A39,False,1272,168,1440,2237.4048766450915,0.0008865248226950354
A34A2800491,A34,A28,False,1275,39,1314,514.6335273110657,0.0008865248226950354
A48A3700571,A48,A37,False,1283,37,1320,488.84788457568055,0.0008865248226950354
A31A2300427,A31,A23,False,1285,28,1313,371.1000685462949,0.0008865248226950354
A10A900179,A10,A9,False,1289,11,1300,138.41014657394732,0.0008865248226950354
A35EXTERIOR00555,A35,EXTERIOR,True,1303,135,1438,1800.0,0.0
A4A700080,A4,A7,False,1321,37,1358,489.419658800894,0.0008865248226950354
A16A1800312,A16,A18,False,1323,24,1347,310.6904999012109,0.0008865248226950354
A20A1700331,A20,A17,False,1326,47,1373,625.905010886876,0.0008865248226950354
A39A2700482,A39,A27,False,1331,47,1378,618.7456609220678,0.0008865248226950354
A3A3000067,A3,A30,False,1332,66,1398,879.1202137071274,0.0008865248226950354
A33A3100520,A33,A31,False,1336,13,1349,170.36649196281473,0.0008865248226950354
A5A2700115,A5,A27,False,1339,47,1386,621.0443819319532,0.0008865248226950354
A38EXTERIOR00523,A38,EXTERIOR,True,1344,135,1479,1800.0,0.0
A29A2300426,A29,A23,False,1345,121,1466,1607.7672659245666,0.0008865248226950354
A33A3700539,A33,A37,False,1357,47,1404,619.6069090046476,0.0008865248226950354
A27A1100230,A27,A11,False,1361,151,1512,2008.6822078729506,0.0008865248226950354
A12A1800247,A12,A18,False,1370,162,1532,2155.33899484777,0.0008865248226950354
A39A3800572,A39,A38,False,1379,28,1407,366.4374544008325,0.0008865248226950354
