dia,id_vuelo,origen,destino,es_exterior,minuto_salida,duracion_minutos,minuto_llegada_programada,distancia_km,w_ruta,seed_dia
1,A37A1100072,A37,A11,False,372,178,550,2366.6565151583377,0.0008865248226950354,1235
1,A8A4800052,A8,A48,False,372,136,508,1810.4701413106818,0.0008865248226950354,1235
1,A26A3500145,A26,A35,False,389,58,447,766.5435042964436,0.0008865248226950354,1235
1,A24A700040,A24,A7,False,395,51,446,674.8869449134927,0.0008865248226950354,1235
1,A15A3100096,A15,A31,False,395,38,433,495.52047219976726,0.0008865248226950354,1235
1,A41A900056,A41,A9,False,400,166,566,2209.3674936482553,0.0008865248226950354,1235
1,A32A2600143,A32,A26,False,402,50,452,657.420518265275,0.0008865248226950354,1235
1,A31A600030,A31,A6,False,405,34,439,450.4774817352642,0.0008865248226950354,1235
1,A34A200008,A34,A2,False,411,35,446,455.0284087517573,0.0008865248226950354,1235
1,A7A1400038,A7,A14,False,413,163,576,2164.8731791207806,0.0008865248226950354,1235
1,A19EXTERIOR00057,A19,EXTERIOR,True,414,135,549,1800.0,0.0,1235
1,A6A300009,A6,A3,False,419,20,439,255.06550901453016,0.0008865248226950354,1235
1,A34A3900163,A34,A39,False,421,43,464,564.099515748983,0.0008865248226950354,1235
1,A34A700041,A34,A7,False,428,36,464,472.89904943095115,0.0008865248226950354,1235
1,A17A2600106,A17,A26,False,429,41,470,540.970702324297,0.0008865248226950354,1235
1,A11A4500075,A11,A45,False,437,168,605,2238.1932993382165,0.0008865248226950354,1235
1,A29A1400090,A29,A14,False,437,31,468,401.21569675427605,0.0008865248226950354,1235
1,A3A3100016,A3,A31,False,437,50,487,654.9087981633721,0.0008865248226950354,1235
1,A42A3500166,A42,A35,False,438,59,497,784.0106972275527,0.0008865248226950354,1235
1,A17EXTERIOR00083,A17,EXTERIOR,True,439,135,574,1800.0,0.0,1235
1,A16A1200076,A16,A12,False,442,139,581,1852.6930312886523,0.0008865248226950354,1235
1,A18A3100115,A18,A31,False,449,14,463,186.51389974114562,0.0008865248226950354,1235
1,A35EXTERIOR00146,A35,EXTERIOR,True,450,135,585,1800.0,0.0,1235
1,A45A3600168,A45,A36,False,451,52,503,693.3326581285623,0.0008865248226950354,1235
1,A8A1400046,A8,A14,False,454,33,487,438.13069136503674,0.0008865248226950354,1235
1,A38A400023,A38,A4,False,460,21,481,269.899503193392,0.0008865248226950354,1235
1,A10A3000061,A10,A30,False,465,172,637,2280.4801269735513,0.0008865248226950354,1235
1,A2A300003,A2,A3,False,467,31,498,400.85478686842856,0.0008865248226950354,1235
1,A39A4700173,A39,A47,False,470,45,515,588.5023733762257,0.0008865248226950354,1235
1,A21A4600127,A21,A46,False,472,59,531,783.9146706432964,0.0008865248226950354,1235
1,A11A3200071,A11,A32,False,473,145,618,1922.908349994912,0.0008865248226950354,1235
1,A44A1200080,A44,A12,False,474,109,583,1440.9956492925742,0.0008865248226950354,1235
1,A7A1300036,A7,A13,False,480,148,628,1970.1781591384063,0.0008865248226950354,1235
1,A41A500026,A41,A5,False,481,43,524,566.9426390713309,0.0008865248226950354,1235
1,A18A2100113,A18,A21,False,482,41,523,534.0359717374856,0.0008865248226950354,1235
1,A19A1000058,A19,A10,False,483,153,636,2037.541575393021,0.0008865248226950354,1235
1,A19A4800121,A19,A48,False,484,18,502,236.52004705332627,0.0008865248226950354,1235
1,A36A4000167,A36,A40,False,487,63,550,838.7654284162518,0.0008865248226950354,1235
1,A46A2500141,A46,A25,False,490,11,501,133.9797622233024,0.0008865248226950354,1235
1,A38A1500100,A38,A15,False,490,59,549,779.2201594091293,0.0008865248226950354,1235
1,A48A2400140,A48,A24,False,494,55,549,722.8546635418162,0.0008865248226950354,1235
1,A39A2800152,A39,A28,False,494,62,556,816.2207523386639,0.0008865248226950354,1235
1,A19A3800119,A19,A38,False,495,48,543,639.0071334381641,0.0008865248226950354,1235
1,A33A1500097,A33,A15,False,504,25,529,326.69049475121756,0.0008865248226950354,1235
1,A26A4300147,A26,A43,False,504,67,571,886.2417986323068,0.0008865248226950354,1235
1,A3A2700015,A3,A27,False,505,36,541,470.3369522086713,0.0008865248226950354,1235
1,A18EXTERIOR00117,A18,EXTERIOR,True,509,135,644,1800.0,0.0,1235
1,A45A3800169,A45,A38,False,510,28,538,367.5313086366959,0.0008865248226950354,1235
1,A24A3600139,A24,A36,False,510,19,529,243.8238220885844,0.0008865248226950354,1235
1,A23A4600137,A23,A46,False,517,11,528,133.67075789093946,0.0008865248226950354,1235
1,A34A4500164,A34,A45,False,523,43,566,560.7570976607178,0.0008865248226950354,1235
1,A12A700035,A12,A7,False,524,154,678,2049.492683000933,0.0008865248226950354,1235
1,A19A1600102,A19,A16,False,527,18,545,238.21734109645834,0.0008865248226950354,1235
1,A12A3500079,A12,A35,False,532,112,644,1483.8164919255412,0.0008865248226950354,1235
1,A43A1300085,A43,A13,False,532,134,666,1775.4005958120101,0.0008865248226950354,1235
1,A9EXTERIOR00055,A9,EXTERIOR,True,534,135,669,1800.0,0.0,1235
1,A37A2900153,A37,A29,False,537,157,694,2087.0277767294933,0.0008865248226950354,1235
1,A10A3100062,A10,A31,False,538,157,695,2090.6119431276134,0.0008865248226950354,1235
1,A32A800049,A32,A8,False,547,126,673,1673.442419847223,0.0008865248226950354,1235
1,A8EXTERIOR00050,A8,EXTERIOR,True,549,135,684,1800.0,0.0,1235
1,A21A4200125,A21,A42,False,551,67,618,884.5975746389336,0.0008865248226950354,1235
1,A6A800028,A6,A8,False,551,115,666,1521.4134435721833,0.0008865248226950354,1235
1,A11A3200070,A11,A32,False,553,145,698,1922.908349994912,0.0008865248226950354,1235
1,A12A3200077,A12,A32,False,556,142,698,1890.9785708369604,0.0008865248226950354,1235
1,A7EXTERIOR00043,A7,EXTERIOR,True,557,135,692,1800.0,0.0,1235
1,A16A400021,A16,A4,False,568,39,607,510.43208684418425,0.0008865248226950354,1235
1,A2A2200006,A2,A22,False,575,35,610,464.58199572944847,0.0008865248226950354,1235
1,A6A4600033,A6,A46,False,583,35,618,457.11110270980885,0.0008865248226950354,1235
1,A47EXTERIOR00128,A47,EXTERIOR,True,585,135,720,1800.0,0.0,1235
1,A11A2100067,A11,A21,False,607,141,748,1871.061255953405,0.0008865248226950354,1235
1,A48EXTERIOR00171,A48,EXTERIOR,True,608,135,743,1800.0,0.0,1235
1,A17A3900109,A17,A39,False,613,53,666,696.0233262582285,0.0008865248226950354,1235
1,A45A2300136,A45,A23,False,618,31,649,400.74784226286096,0.0008865248226950354,1235
1,A13A700037,A13,A7,False,641,148,789,1970.1781591384063,0.0008865248226950354,1235
1,A7A1800039,A7,A18,False,647,43,690,564.1529247803155,0.0008865248226950354,1235
1,A35A2300133,A35,A23,False,693,26,719,342.66516837244427,0.0008865248226950354,1235
1,A23A4200134,A23,A42,False,710,34,744,442.1159868037708,0.0008865248226950354,1235
1,A25A1900118,A25,A19,False,714,45,759,591.1415511484166,0.0008865248226950354,1235
1,A16A1800101,A16,A18,False,757,24,781,310.6904999012109,0.0008865248226950354,1235
1,A33A400022,A33,A4,False,778,45,823,598.632944406714,0.0008865248226950354,1235
1,A1A4300001,A1,A43,False,794,54,848,712.292653254807,0.0008865248226950354,1235
1,A8A900045,A8,A9,False,812,31,843,406.6819270744396,0.0008865248226950354,1235
1,A5A4800027,A5,A48,False,837,42,879,547.5552837387489,0.0008865248226950354,1235
1,A7A800034,A7,A8,False,838,133,971,1765.0461473561031,0.0008865248226950354,1235
1,A41A4600179,A41,A46,False,846,18,864,230.64274441749578,0.0008865248226950354,1235
1,A15A1300081,A15,A13,False,914,145,1059,1926.6605407637428,0.0008865248226950354,1235
1,A9A1100053,A9,A11,False,917,7,924,84.32312017448446,0.0008865248226950354,1235
1,A29A1800114,A29,A18,False,927,149,1076,1976.058477322237,0.0008865248226950354,1235
1,A10A3500064,A10,A35,False,953,108,1061,1434.2833944885856,0.0008865248226950354,1235
1,A11A2800069,A11,A28,False,953,107,1060,1421.610826190144,0.0008865248226950354,1235
1,A41A3500165,A41,A35,False,972,53,1025,697.4373240516244,0.0008865248226950354,1235
1,A11A400020,A11,A4,False,972,122,1094,1615.8963372503488,0.0008865248226950354,1235
1,A15A1300082,A15,A13,False,974,145,1119,1926.6605407637428,0.0008865248226950354,1235
1,A23A1500094,A23,A15,False,987,47,1034,619.9042038638518,0.0008865248226950354,1235
1,A29A2300131,A29,A23,False,989,121,1110,1607.7672659245666,0.0008865248226950354,1235
1,A20A1700105,A20,A17,False,1001,47,1048,625.905010886876,0.0008865248226950354,1235
1,A48A3300161,A48,A33,False,1007,11,1018,136.02572870730367,0.0008865248226950354,1235
1,A44A1900120,A44,A19,False,1014,53,1067,700.7436367765829,0.0008865248226950354,1235
1,A19A1800112,A19,A18,False,1016,7,1023,90.7700846062372,0.0008865248226950354,1235
1,A44A4500180,A44,A45,False,1016,60,1076,788.1580485693091,0.0008865248226950354,1235
1,A15A2100093,A15,A21,False,1021,15,1036,192.0270664396943,0.0008865248226950354,1235
1,A12A300010,A12,A3,False,1023,113,1136,1504.1803029279924,0.0008865248226950354,1235
1,A33A4500160,A33,A45,False,1026,40,1066,528.1855683450217,0.0008865248226950354,1235
1,A34A3100156,A34,A31,False,1027,27,1054,346.98618078493945,0.0008865248226950354,1235
1,A27EXTERIOR00107,A27,EXTERIOR,True,1029,135,1164,1800.0,0.0,1235
1,A43A4100178,A43,A41,False,1032,62,1094,816.135051096378,0.0008865248226950354,1235
1,A38A2200129,A38,A22,False,1032,29,1061,384.7140542725419,0.0008865248226950354,1235
1,A30A3900155,A30,A39,False,1036,20,1056,261.0964420386904,0.0008865248226950354,1235
1,A48A100002,A48,A1,False,1036,53,1089,696.7466995212408,0.0008865248226950354,1235
1,A35A3400162,A35,A34,False,1037,32,1069,414.75701309257283,0.0008865248226950354,1235
1,A48A1300087,A48,A13,False,1043,151,1194,2004.716091057649,0.0008865248226950354,1235
1,A30A1700108,A30,A17,False,1044,43,1087,565.7701878468044,0.0008865248226950354,1235
1,A20A1000059,A20,A10,False,1044,112,1156,1490.3164022491364,0.0008865248226950354,1235
1,A39A4800175,A39,A48,False,1047,30,1077,397.9926996752845,0.0008865248226950354,1235
1,A44A1100073,A44,A11,False,1047,112,1159,1483.9489956636728,0.0008865248226950354,1235
1,A31A3600157,A31,A36,False,1048,60,1108,788.6104955551189,0.0008865248226950354,1235
1,A10EXTERIOR00060,A10,EXTERIOR,True,1049,135,1184,1800.0,0.0,1235
1,A23A300013,A23,A3,False,1055,33,1088,429.9729855822546,0.0008865248226950354,1235
1,A3A2500014,A3,A25,False,1057,42,1099,549.2146431887077,0.0008865248226950354,1235
1,A21A1600103,A21,A16,False,1058,26,1084,339.7823264383611,0.0008865248226950354,1235
1,A42A600032,A42,A6,False,1066,49,1115,640.7168990824626,0.0008865248226950354,1235
1,A9EXTERIOR00054,A9,EXTERIOR,True,1067,135,1202,1800.0,0.0,1235
1,A34A1200078,A34,A12,False,1068,136,1204,1801.1052206809625,0.0008865248226950354,1235
1,A15A3000095,A15,A30,False,1076,56,1132,743.2405218755173,0.0008865248226950354,1235
1,A21A4500126,A21,A45,False,1077,76,1153,1012.1151621833345,0.0008865248226950354,1235
1,A24EXTERIOR00048,A24,EXTERIOR,True,1079,135,1214,1800.0,0.0,1235
1,A41A300018,A41,A3,False,1082,55,1137,725.5073751598142,0.0008865248226950354,1235
1,A17A4700111,A17,A47,False,1083,9,1092,107.59558579221336,0.0008865248226950354,1235
1,A26A2100123,A26,A21,False,1083,67,1150,890.3977935223659,0.0008865248226950354,1235
1,A20A4100122,A20,A41,False,1084,48,1132,633.2346501338391,0.0008865248226950354,1235
1,A11A2400068,A11,A24,False,1084,108,1192,1426.7567754204226,0.0008865248226950354,1235
1,A6A1300029,A6,A13,False,1084,128,1212,1703.5060169736905,0.0008865248226950354,1235
1,A19A1300084,A19,A13,False,1089,154,1243,2040.989697483016,0.0008865248226950354,1235
1,A3A3300017,A3,A33,False,1090,42,1132,549.5087791379076,0.0008865248226950354,1235
1,A19EXTERIOR00089,A19,EXTERIOR,True,1091,135,1226,1800.0,0.0,1235
1,A46A2600148,A46,A26,False,1091,23,1114,296.00122406381377,0.0008865248226950354,1235
1,A45A2700150,A45,A27,False,1097,47,1144,613.7690658845478,0.0008865248226950354,1235
1,A3A1600011,A3,A16,False,1100,27,1127,355.1206024922491,0.0008865248226950354,1235
1,A28A2700149,A28,A27,False,1102,55,1157,731.9851396846772,0.0008865248226950354,1235
1,A28A3000151,A28,A30,False,1104,73,1177,966.1301325541144,0.0008865248226950354,1235
1,A4A500019,A4,A5,False,1104,10,1114,130.87158264662904,0.0008865248226950354,1235
1,A38A4800170,A38,A48,False,1104,33,1137,433.2364513993422,0.0008865248226950354,1235
1,A14A4000091,A14,A40,False,1108,166,1274,2213.2930835545512,0.0008865248226950354,1235
1,A34A2400138,A34,A24,False,1108,37,1145,492.61880322894353,0.0008865248226950354,1235
1,A7A4800044,A7,A48,False,1108,28,1136,373.0911677117486,0.0008865248226950354,1235
1,A34A500025,A34,A5,False,1109,31,1140,410.29758549716223,0.0008865248226950354,1235
1,A48A2500142,A48,A25,False,1110,29,1139,378.20846175210755,0.0008865248226950354,1235
1,A31A1800116,A31,A18,False,1112,14,1126,186.51389974114562,0.0008865248226950354,1235
1,A21EXTERIOR00124,A21,EXTERIOR,True,1112,135,1247,1800.0,0.0,1235
1,A14A1600088,A14,A16,False,1116,146,1262,1944.6587801190576,0.0008865248226950354,1235
1,A6A3600031,A6,A36,False,1119,51,1170,667.894243383563,0.0008865248226950354,1235
1,A8A4300051,A8,A43,False,1119,122,1241,1615.8572002538172,0.0008865248226950354,1235
1,A33A4100159,A33,A41,False,1119,25,1144,323.5519055729154,0.0008865248226950354,1235
1,A29A4100154,A29,A41,False,1122,148,1270,1962.5615404994296,0.0008865248226950354,1235
1,A15A3500098,A15,A35,False,1126,59,1185,775.6766304056697,0.0008865248226950354,1235
1,A38A700042,A38,A7,False,1130,18,1148,227.15894346404153,0.0008865248226950354,1235
1,A42A4000177,A42,A40,False,1135,26,1161,339.17476184921713,0.0008865248226950354,1235
1,A39A1000065,A39,A10,False,1143,161,1304,2140.060975876828,0.0008865248226950354,1235
1,A45EXTERIOR00135,A45,EXTERIOR,True,1146,135,1281,1800.0,0.0,1235
1,A34A2600144,A34,A26,False,1147,38,1185,505.5761899114846,0.0008865248226950354,1235
1,A9A200004,A9,A2,False,1148,129,1277,1719.2642093204818,0.0008865248226950354,1235
1,A23A800047,A23,A8,False,1149,117,1266,1549.1168246843565,0.0008865248226950354,1235
1,A33A2300132,A33,A23,False,1157,30,1187,391.6578221306253,0.0008865248226950354,1235
1,A33A3600158,A33,A36,False,1159,60,1219,799.0331111023443,0.0008865248226950354,1235
1,A46A1000066,A46,A10,False,1160,143,1303,1902.5203340839983,0.0008865248226950354,1235
1,A44A1100074,A44,A11,False,1162,112,1274,1483.9489956636728,0.0008865248226950354,1235
1,A20A300012,A20,A3,False,1163,16,1179,207.9509916362374,0.0008865248226950354,1235
1,A11A200005,A11,A2,False,1173,132,1305,1756.0270159325405,0.0008865248226950354,1235
1,A14A4700092,A14,A47,False,1173,162,1335,2158.7451637404183,0.0008865248226950354,1235
1,A48A3900176,A48,A39,False,1183,30,1213,397.9926996752845,0.0008865248226950354,1235
1,A33A200007,A33,A2,False,1184,40,1224,520.7665125084867,0.0008865248226950354,1235
1,A44A1300086,A44,A13,False,1188,104,1292,1376.5018308376052,0.0008865248226950354,1235
1,A22A4200130,A22,A42,False,1191,37,1228,491.3011755768626,0.0008865248226950354,1235
1,A5A1300024,A5,A13,False,1193,118,1311,1571.1255499877277,0.0008865248226950354,1235
1,A16A4000104,A16,A40,False,1198,22,1220,289.4012260260559,0.0008865248226950354,1235
1,A17A4400110,A17,A44,False,1242,52,1294,689.77363479174,0.0008865248226950354,1235
1,A35A1000063,A35,A10,False,1257,108,1365,1434.2833944885856,0.0008865248226950354,1235
1,A39A4800174,A39,A48,False,1285,30,1315,397.9926996752845,0.0008865248226950354,1235
1,A43A3900172,A43,A39,False,1311,76,1387,1005.1130257992451,0.0008865248226950354,1235
1,A36A1500099,A36,A15,False,1375,72,1447,956.812819786402,0.0008865248226950354,1235
2,A28A3000149,A28,A30,False,1800,73,1873,966.1301325541144,0.0008865248226950354,1236
2,A41A3100159,A41,A31,False,1800,13,1813,160.65313213652564,0.0008865248226950354,1236
2,A15A3700082,A15,A37,False,1821,71,1892,946.1325722529537,0.0008865248226950354,1236
2,A7A1900036,A7,A19,False,1837,46,1883,609.0879671658167,0.0008865248226950354,1236
2,A16A2000087,A16,A20,False,1838,33,1871,429.1493872657086,0.0008865248226950354,1236
2,A44EXTERIOR00067,A44,EXTERIOR,True,1843,135,1978,1800.0,0.0,1236
2,A34A400028,A34,A4,False,1843,27,1870,353.4385018917211,0.0008865248226950354,1236
2,A1EXTERIOR00005,A1,EXTERIOR,True,1845,135,1980,1800.0,0.0,1236
2,A17A3100096,A17,A31,False,1852,25,1877,323.7261140183463,0.0008865248226950354,1236
2,A8A1800043,A8,A18,False,1860,144,2004,1915.2727658421345,0.0008865248226950354,1236
2,A48A300024,A48,A3,False,1861,44,1905,578.8996814906083,0.0008865248226950354,1236
2,A33A2000113,A33,A20,False,1861,42,1903,555.923841154327,0.0008865248226950354,1236
2,A48A1000059,A48,A10,False,1866,152,2018,2014.531738181913,0.0008865248226950354,1236
2,A36A2600139,A36,A26,False,1868,61,1929,800.025744715035,0.0008865248226950354,1236
2,A3EXTERIOR00022,A3,EXTERIOR,True,1871,135,2006,1800.0,0.0,1236
2,A22A2400121,A22,A24,False,1871,39,1910,511.011161030426,0.0008865248226950354,1236
2,A41A4600175,A41,A46,False,1875,18,1893,230.64274441749578,0.0008865248226950354,1236
2,A22A2800122,A22,A28,False,1876,40,1916,532.547612839039,0.0008865248226950354,1236
2,A20A1600088,A20,A16,False,1878,33,1911,429.1493872657086,0.0008865248226950354,1236
2,A18A3900107,A18,A39,False,1878,43,1921,566.9007720635053,0.0008865248226950354,1236
2,A17A4000097,A17,A40,False,1883,15,1898,192.0719245890105,0.0008865248226950354,1236
2,A46A800046,A46,A8,False,1884,126,2010,1678.5663193030575,0.0008865248226950354,1236
2,A40A2900155,A40,A29,False,1885,145,2030,1931.664078245565,0.0008865248226950354,1236
2,A40A4100173,A40,A41,False,1886,23,1909,293.6741012437722,0.0008865248226950354,1236
2,A25EXTERIOR00094,A25,EXTERIOR,True,1888,135,2023,1800.0,0.0,1236
2,A6A3100034,A6,A31,False,1890,34,1924,450.4774817352642,0.0008865248226950354,1236
2,A42A4800177,A42,A48,False,1891,20,1911,264.39459543098513,0.0008865248226950354,1236
2,A18A3200104,A18,A32,False,1892,25,1917,326.3881299843488,0.0008865248226950354,1236
2,A26A300019,A26,A3,False,1893,61,1954,804.6648369299716,0.0008865248226950354,1236
2,A48A3600168,A48,A36,False,1897,55,1952,728.4440563790771,0.0008865248226950354,1236
2,A48A200016,A48,A2,False,1898,48,1946,630.5112281249598,0.0008865248226950354,1236
2,A23A1800101,A23,A18,False,1903,37,1940,489.43976309618967,0.0008865248226950354,1236
2,A16A4000092,A16,A40,False,1903,22,1925,289.4012260260559,0.0008865248226950354,1236
2,A39A2500137,A39,A25,False,1905,24,1929,318.34308575778056,0.0008865248226950354,1236
2,A44A4200176,A44,A42,False,1907,62,1969,825.0483907818793,0.0008865248226950354,1236
2,A3A4300023,A3,A43,False,1909,35,1944,464.9218115731531,0.0008865248226950354,1236
2,A48EXTERIOR00085,A48,EXTERIOR,True,1911,135,2046,1800.0,0.0,1236
2,A22A1800100,A22,A18,False,1915,27,1942,350.8796883000202,0.0008865248226950354,1236
2,A27A1100062,A27,A11,False,1915,151,2066,2008.6822078729506,0.0008865248226950354,1236
2,A22A4700124,A22,A47,False,1915,21,1936,274.3005000730866,0.0008865248226950354,1236
2,A3A2300018,A3,A23,False,1917,33,1950,429.9729855822546,0.0008865248226950354,1236
2,A2A2900014,A2,A29,False,1922,120,2042,1599.86548008655,0.0008865248226950354,1236
2,A1A2800006,A1,A28,False,1922,9,1931,116.36163286397013,0.0008865248226950354,1236
2,A20A500031,A20,A5,False,1924,19,1943,245.7884646215292,0.0008865248226950354,1236
2,A15A2300081,A15,A23,False,1928,47,1975,619.9042038638518,0.0008865248226950354,1236
2,A23A1100061,A23,A11,False,1933,140,2073,1866.3299695614078,0.0008865248226950354,1236
2,A36A2000114,A36,A20,False,1934,25,1959,331.1170481544353,0.0008865248226950354,1236
2,A10EXTERIOR00058,A10,EXTERIOR,True,1934,135,2069,1800.0,0.0,1236
2,A39A3700170,A39,A37,False,1937,10,1947,132.4291022241545,0.0008865248226950354,1236
2,A22A4700125,A22,A47,False,1940,21,1961,274.3005000730866,0.0008865248226950354,1236
2,A32A4300162,A32,A43,False,1942,18,1960,228.82741918473872,0.0008865248226950354,1236
2,A45A900051,A45,A9,False,1943,168,2111,2237.933136438554,0.0008865248226950354,1236
2,A26A4600142,A26,A46,False,1945,23,1968,296.00122406381377,0.0008865248226950354,1236
2,A29A2800148,A29,A28,False,1945,87,2032,1153.4572871825726,0.0008865248226950354,1236
2,A35A4200166,A35,A42,False,1945,59,2004,784.0106972275527,0.0008865248226950354,1236
2,A39A3100158,A39,A31,False,1946,29,1975,380.6454874997206,0.0008865248226950354,1236
2,A16A2300089,A16,A23,False,1946,30,1976,397.7333746507772,0.0008865248226950354,1236
2,A21A2800117,A21,A28,False,1953,65,2018,863.828311489942,0.0008865248226950354,1236
2,A26A4800143,A26,A48,False,1955,20,1975,265.9458230454404,0.0008865248226950354,1236
2,A29A1400077,A29,A14,False,1955,31,1986,401.21569675427605,0.0008865248226950354,1236
2,A22A4700126,A22,A47,False,1960,21,1981,274.3005000730866,0.0008865248226950354,1236
2,A18A200010,A18,A2,False,1969,43,2012,573.2782491797832,0.0008865248226950354,1236
2,A33A700037,A33,A7,False,1971,38,2009,505.7114850963033,0.0008865248226950354,1236
2,A40A3000157,A40,A30,False,1971,29,2000,375.5972663662146,0.0008865248226950354,1236
2,A23A3100127,A23,A31,False,1973,28,2001,371.1000685462949,0.0008865248226950354,1236
2,A31A900049,A31,A9,False,1975,163,2138,2169.019166325685,0.0008865248226950354,1236
2,A13A4300074,A13,A43,False,1979,134,2113,1775.4005958120101,0.0008865248226950354,1236
2,A42A2300129,A42,A23,False,1984,34,2018,442.1159868037708,0.0008865248226950354,1236
2,A38A1800106,A38,A18,False,1995,47,2042,625.4608836525684,0.0008865248226950354,1236
2,A18A4600108,A18,A46,False,1999,34,2033,443.0559622506722,0.0008865248226950354,1236
2,A37EXTERIOR00116,A37,EXTERIOR,True,2000,135,2135,1800.0,0.0,1236
2,A14A3600079,A14,A36,False,2006,123,2129,1638.8650930968486,0.0008865248226950354,1236
2,A14A3900080,A14,A39,False,2008,173,2181,2303.8042870899967,0.0008865248226950354,1236
2,A42A2900156,A42,A29,False,2022,154,2176,2049.7906701119255,0.0008865248226950354,1236
2,A12EXTERIOR00066,A12,EXTERIOR,True,2022,135,2157,1800.0,0.0,1236
2,A19A400026,A19,A4,False,2047,52,2099,683.0954613277627,0.0008865248226950354,1236
2,A38A3700169,A38,A37,False,2069,38,2107,495.2348118373282,0.0008865248226950354,1236
2,A32A4800163,A32,A48,False,2073,30,2103,393.2762017501522,0.0008865248226950354,1236
2,A7A500029,A7,A5,False,2092,30,2122,399.05563758289543,0.0008865248226950354,1236
2,A43A2400135,A43,A24,False,2111,60,2171,793.7560884846756,0.0008865248226950354,1236
2,A30A2700144,A30,A27,False,2153,40,2193,530.2510540590407,0.0008865248226950354,1236
2,A8A1700042,A8,A17,False,2165,138,2303,1828.3101587609563,0.0008865248226950354,1236
2,A10A1800053,A10,A18,False,2165,158,2323,2102.4323382905222,0.0008865248226950354,1236
2,A18A2300103,A18,A23,False,2186,37,2223,489.43976309618967,0.0008865248226950354,1236
2,A26A4000140,A26,A40,False,2207,27,2234,349.1142719758894,0.0008865248226950354,1236
2,A5A900030,A5,A9,False,2211,128,2339,1702.5859239249096,0.0008865248226950354,1236
2,A45A1500083,A45,A15,False,2229,64,2293,850.4656838178914,0.0008865248226950354,1236
2,A22EXTERIOR00011,A22,EXTERIOR,True,2234,135,2369,1800.0,0.0,1236
2,A21A900048,A21,A9,False,2245,138,2383,1832.5382044045698,0.0008865248226950354,1236
2,A45A2500138,A45,A25,False,2312,24,2336,318.76935507740217,0.0008865248226950354,1236
2,A37A1800105,A37,A18,False,2313,48,2361,633.4509427645578,0.0008865248226950354,1236
2,A32EXTERIOR00160,A32,EXTERIOR,True,2318,135,2453,1800.0,0.0,1236
2,A12A2200065,A12,A22,False,2331,137,2468,1823.1517603939758,0.0008865248226950354,1236
2,A47A4500180,A47,A45,False,2332,44,2376,583.0446683536296,0.0008865248226950354,1236
2,A40EXTERIOR00174,A40,EXTERIOR,True,2335,135,2470,1800.0,0.0,1236
2,A1A3400009,A1,A34,False,2343,34,2377,448.8398530105888,0.0008865248226950354,1236
2,A41A300021,A41,A3,False,2379,55,2434,725.5073751598142,0.0008865248226950354,1236
2,A46A2100120,A46,A21,False,2391,59,2450,783.9146706432964,0.0008865248226950354,1236
2,A41A700039,A41,A7,False,2407,19,2426,252.9482048413815,0.0008865248226950354,1236
2,A22A3300123,A22,A33,False,2410,19,2429,242.49941329819703,0.0008865248226950354,1236
2,A2A2800013,A2,A28,False,2412,57,2469,759.5308963997905,0.0008865248226950354,1236
2,A2A4500015,A2,A45,False,2413,75,2488,997.558287962321,0.0008865248226950354,1236
2,A12A1600064,A12,A16,False,2423,139,2562,1852.6930312886523,0.0008865248226950354,1236
2,A3A3900020,A3,A39,False,2428,63,2491,827.8233017784099,0.0008865248226950354,1236
2,A4EXTERIOR00025,A4,EXTERIOR,True,2430,135,2565,1800.0,0.0,1236
2,A38A4700172,A38,A47,False,2438,45,2483,589.8131875059713,0.0008865248226950354,1236
2,A2A2300012,A2,A23,False,2461,51,2512,678.3210216919751,0.0008865248226950354,1236
2,A43A2600141,A43,A26,False,2462,67,2529,886.2417986323068,0.0008865248226950354,1236
2,A33A1300070,A33,A13,False,2472,150,2622,1998.4631420018218,0.0008865248226950354,1236
2,A3A100001,A3,A1,False,2483,19,2502,247.37495494857967,0.0008865248226950354,1236
2,A17A1000052,A17,A10,False,2486,151,2637,2001.1079444700404,0.0008865248226950354,1236
2,A32A1000055,A32,A10,False,2488,138,2626,1837.4461743583383,0.0008865248226950354,1236
2,A7A1300035,A7,A13,False,2492,148,2640,1970.1781591384063,0.0008865248226950354,1236
2,A39EXTERIOR00154,A39,EXTERIOR,True,2494,135,2629,1800.0,0.0,1236
2,A28A3400150,A28,A34,False,2495,39,2534,514.6335273110657,0.0008865248226950354,1236
2,A38A4100171,A38,A41,False,2498,31,2529,411.2820004709338,0.0008865248226950354,1236
2,A19A3800111,A19,A38,False,2500,48,2548,639.0071334381641,0.0008865248226950354,1236
2,A35A2300128,A35,A23,False,2501,26,2527,342.66516837244427,0.0008865248226950354,1236
2,A35A1400078,A35,A14,False,2501,120,2621,1596.5532252939047,0.0008865248226950354,1236
2,A28A1600090,A28,A16,False,2504,49,2553,646.9351062668277,0.0008865248226950354,1236
2,A5EXTERIOR00033,A5,EXTERIOR,True,2505,135,2640,1800.0,0.0,1236
2,A26A1400076,A26,A14,False,2505,177,2682,2355.383745287878,0.0008865248226950354,1236
2,A27A4700147,A27,A47,False,2511,8,2519,93.47275111798372,0.0008865248226950354,1236
2,A8A3900044,A8,A39,False,2513,143,2656,1904.3189986874136,0.0008865248226950354,1236
2,A36A1900110,A36,A19,False,2514,67,2581,890.7647109236761,0.0008865248226950354,1236
2,A40A3300164,A40,A33,False,2514,5,2519,64.9208378207549,0.0008865248226950354,1236
2,A13A3700072,A13,A37,False,2514,168,2682,2236.8315550506118,0.0008865248226950354,1236
2,A42A2400134,A42,A24,False,2515,67,2582,886.8482325179087,0.0008865248226950354,1236
2,A45A4700179,A45,A47,False,2516,44,2560,583.0446683536296,0.0008865248226950354,1236
2,A25A1400075,A25,A14,False,2518,149,2667,1985.9676456719965,0.0008865248226950354,1236
2,A8A4500045,A8,A45,False,2521,143,2664,1905.5508096148358,0.0008865248226950354,1236
2,A18A2300102,A18,A23,False,2526,37,2563,489.43976309618967,0.0008865248226950354,1236
2,A1A1200002,A1,A12,False,2528,104,2632,1379.7875955191962,0.0008865248226950354,1236
2,A36A4500167,A36,A45,False,2529,52,2581,693.3326581285623,0.0008865248226950354,1236
2,A25A1000054,A25,A10,False,2529,137,2666,1822.6490326390226,0.0008865248226950354,1236
2,A48A1200068,A48,A12,False,2536,155,2691,2066.4710236150327,0.0008865248226950354,1236
2,A31A100007,A31,A1,False,2538,58,2596,771.1903157175815,0.0008865248226950354,1236
2,A18A1900099,A18,A19,False,2542,7,2549,90.7700846062372,0.0008865248226950354,1236
2,A27A3500145,A27,A35,False,2542,48,2590,634.8689242612501,0.0008865248226950354,1236
2,A39A2800151,A39,A28,False,2543,62,2605,816.2207523386639,0.0008865248226950354,1236
2,A45A1500084,A45,A15,False,2544,64,2608,850.4656838178914,0.0008865248226950354,1236
2,A7A3800038,A7,A38,False,2551,18,2569,227.15894346404153,0.0008865248226950354,1236
2,A45A900050,A45,A9,False,2552,168,2720,2237.933136438554,0.0008865248226950354,1236
2,A39A1300073,A39,A13,False,2553,159,2712,2109.4734264293393,0.0008865248226950354,1236
2,A38A2100119,A38,A21,False,2553,67,2620,886.5942829903405,0.0008865248226950354,1236
2,A41A700040,A41,A7,False,2554,19,2573,252.9482048413815,0.0008865248226950354,1236
2,A11A1400060,A11,A14,False,2555,6,2561,70.63221515337646,0.0008865248226950354,1236
2,A4A1900027,A4,A19,False,2555,52,2607,683.0954613277627,0.0008865248226950354,1236
2,A33A2400131,A33,A24,False,2557,57,2614,752.5799849522912,0.0008865248226950354,1236
2,A16A1900086,A16,A19,False,2558,18,2576,238.21734109645834,0.0008865248226950354,1236
2,A34A3200161,A34,A32,False,2560,22,2582,291.74343964449173,0.0008865248226950354,1236
2,A25EXTERIOR00136,A25,EXTERIOR,True,2565,135,2700,1800.0,0.0,1236
2,A38A1000056,A38,A10,False,2568,134,2702,1773.9701156559408,0.0008865248226950354,1236
2,A31EXTERIOR00130,A31,EXTERIOR,True,2570,135,2705,1800.0,0.0,1236
2,A5A2400032,A5,A24,False,2573,22,2595,286.2796358151058,0.0008865248226950354,1236
2,A13A3400071,A13,A34,False,2579,131,2710,1742.6604025568377,0.0008865248226950354,1236
2,A21A3000118,A21,A30,False,2584,70,2654,926.748455587293,0.0008865248226950354,1236
2,A27A3700146,A27,A37,False,2587,54,2641,714.10091304875,0.0008865248226950354,1236
2,A28A4100152,A28,A41,False,2594,61,2655,810.7047845348773,0.0008865248226950354,1236
2,A37A2000115,A37,A20,False,2594,62,2656,818.0766417652727,0.0008865248226950354,1236
2,A18A900047,A18,A9,False,2601,163,2764,2170.382299793189,0.0008865248226950354,1236
2,A1EXTERIOR00003,A1,EXTERIOR,True,2603,135,2738,1800.0,0.0,1236
2,A24A3600133,A24,A36,False,2604,19,2623,243.8238220885844,0.0008865248226950354,1236
2,A1A3300008,A1,A33,False,2608,54,2662,711.2850884809609,0.0008865248226950354,1236
2,A36A1600091,A36,A16,False,2608,55,2663,732.5315134945154,0.0008865248226950354,1236
2,A33A2400132,A33,A24,False,2618,57,2675,752.5799849522912,0.0008865248226950354,1236
2,A31A1700095,A31,A17,False,2620,25,2645,323.7261140183463,0.0008865248226950354,1236
2,A44A1000057,A44,A10,False,2624,105,2729,1389.6412576543921,0.0008865248226950354,1236
2,A8A1100041,A8,A11,False,2636,28,2664,367.56547636975273,0.0008865248226950354,1236
2,A1A2300004,A1,A23,False,2637,34,2671,443.2709269234354,0.0008865248226950354,1236
2,A20A3000112,A20,A30,False,2640,60,2700,791.2439180892463,0.0008865248226950354,1236
2,A16A4800093,A16,A48,False,2643,24,2667,315.3539929455918,0.0008865248226950354,1236
2,A3A2100017,A3,A21,False,2644,39,2683,507.1909459154041,0.0008865248226950354,1236
2,A13EXTERIOR00069,A13,EXTERIOR,True,2645,135,2780,1800.0,0.0,1236
2,A19A3100109,A19,A31,False,2696,19,2715,252.21220881828393,0.0008865248226950354,1236
2,A34A4000165,A34,A40,False,2702,25,2727,320.3719092800738,0.0008865248226950354,1236
2,A48A4400178,A48,A44,False,2729,48,2777,628.8201076550608,0.0008865248226950354,1236
2,A47A2800153,A47,A28,False,2774,61,2835,806.677180802427,0.0008865248226950354,1236
2,A17A4500098,A17,A45,False,2786,52,2838,690.5827046986631,0.0008865248226950354,1236
2,A13EXTERIOR00063,A13,EXTERIOR,True,2813,135,2948,1800.0,0.0,1236
3,A17A4400096,A17,A44,False,3240,52,3292,689.77363479174,0.0008865248226950354,1237
3,A7A3800037,A7,A38,False,3254,18,3272,227.15894346404153,0.0008865248226950354,1237
3,A17A3600095,A17,A36,False,3255,69,3324,907.5569855423398,0.0008865248226950354,1237
3,A4A2400017,A4,A24,False,3269,15,3284,189.38951787129884,0.0008865248226950354,1237
3,A18A900051,A18,A9,False,3277,163,3440,2170.382299793189,0.0008865248226950354,1237
3,A34A3300159,A34,A33,False,3277,20,3297,262.44987814383717,0.0008865248226950354,1237
3,A28A200007,A28,A2,False,3283,57,3340,759.5308963997905,0.0008865248226950354,1237
3,A42A2600138,A42,A26,False,3284,2,3286,25.009689540023246,0.0008865248226950354,1237
3,A8A600026,A8,A6,False,3291,115,3406,1521.4134435721833,0.0008865248226950354,1237
3,A14A800048,A14,A8,False,3291,33,3324,438.13069136503674,0.0008865248226950354,1237
3,A42EXTERIOR00179,A42,EXTERIOR,True,3292,135,3427,1800.0,0.0,1237
3,A16A1400081,A16,A14,False,3295,146,3441,1944.6587801190576,0.0008865248226950354,1237
3,A8EXTERIOR00049,A8,EXTERIOR,True,3295,135,3430,1800.0,0.0,1237
3,A15A500022,A15,A5,False,3297,61,3358,808.1881531890599,0.0008865248226950354,1237
3,A32A1500087,A32,A15,False,3307,9,3316,112.32834579768976,0.0008865248226950354,1237
3,A18A4300103,A18,A43,False,3308,41,3349,541.4665635698041,0.0008865248226950354,1237
3,A43EXTERIOR00068,A43,EXTERIOR,True,3308,135,3443,1800.0,0.0,1237
3,A21A3900116,A21,A39,False,3313,77,3390,1016.7959891800856,0.0008865248226950354,1237
3,A4A1500016,A4,A15,False,3317,55,3372,733.2742984024048,0.0008865248226950354,1237
3,A48A2900152,A48,A29,False,3317,141,3458,1870.5014031017372,0.0008865248226950354,1237
3,A13EXTERIOR00071,A13,EXTERIOR,True,3321,135,3456,1800.0,0.0,1237
3,A9EXTERIOR00054,A9,EXTERIOR,True,3322,135,3457,1800.0,0.0,1237
3,A41A800050,A41,A8,False,3323,143,3466,1903.8083728873612,0.0008865248226950354,1237
3,A43EXTERIOR00060,A43,EXTERIOR,True,3329,135,3464,1800.0,0.0,1237
3,A36A4400165,A36,A44,False,3333,27,3360,355.1970665164219,0.0008865248226950354,1237
3,A22A3200122,A22,A32,False,3335,22,3357,290.41281108373096,0.0008865248226950354,1237
3,A42EXTERIOR00172,A42,EXTERIOR,True,3337,135,3472,1800.0,0.0,1237
3,A13A1500070,A13,A15,False,3338,145,3483,1926.6605407637428,0.0008865248226950354,1237
3,A44A2600139,A44,A26,False,3338,61,3399,811.0808754905257,0.0008865248226950354,1237
3,A32A2000109,A32,A20,False,3341,40,3381,531.4422485254149,0.0008865248226950354,1237
3,A29A3700150,A29,A37,False,3342,157,3499,2087.0277767294933,0.0008865248226950354,1237
3,A4A3000019,A4,A30,False,3343,58,3401,767.8035341303005,0.0008865248226950354,1237
3,A19A3900106,A19,A39,False,3343,48,3391,628.9995077421273,0.0008865248226950354,1237
3,A46A200009,A46,A2,False,3344,57,3401,750.864137257965,0.0008865248226950354,1237
3,A31A4700156,A31,A47,False,3345,17,3362,217.55113806993074,0.0008865248226950354,1237
3,A43EXTERIOR00153,A43,EXTERIOR,True,3346,135,3481,1800.0,0.0,1237
3,A22A3300123,A22,A33,False,3347,19,3366,242.49941329819703,0.0008865248226950354,1237
3,A11A1800062,A11,A18,False,3350,165,3515,2192.1810172816513,0.0008865248226950354,1237
3,A7A1000033,A7,A10,False,3353,151,3504,2000.9661566290476,0.0008865248226950354,1237
3,A41A3800171,A41,A38,False,3355,31,3386,411.2820004709338,0.0008865248226950354,1237
3,A6EXTERIOR00025,A6,EXTERIOR,True,3357,135,3492,1800.0,0.0,1237
3,A28A1800097,A28,A18,False,3358,67,3425,881.713850154129,0.0008865248226950354,1237
3,A14A800047,A14,A8,False,3358,33,3391,438.13069136503674,0.0008865248226950354,1237
3,A21A4400119,A21,A44,False,3361,52,3413,686.2592950501278,0.0008865248226950354,1237
3,A27EXTERIOR00130,A27,EXTERIOR,True,3363,135,3498,1800.0,0.0,1237
3,A19A4100107,A19,A41,False,3367,31,3398,412.33169566276956,0.0008865248226950354,1237
3,A41A3900174,A41,A39,False,3373,17,3390,222.0245253911992,0.0008865248226950354,1237
3,A7A900032,A7,A9,False,3373,158,3531,2098.8176330692804,0.0008865248226950354,1237
3,A41A1300077,A41,A13,False,3381,158,3539,2103.826484002413,0.0008865248226950354,1237
3,A36A3200158,A36,A32,False,3388,64,3452,844.5048532006836,0.0008865248226950354,1237
3,A27A200006,A27,A2,False,3389,31,3420,413.2806337224242,0.0008865248226950354,1237
3,A26A2900134,A26,A29,False,3390,153,3543,2032.5708926203627,0.0008865248226950354,1237
3,A27A3900141,A27,A39,False,3392,47,3439,618.7456609220678,0.0008865248226950354,1237
3,A46A2700143,A46,A27,False,3397,32,3429,413.6022603823738,0.0008865248226950354,1237
3,A13A2300073,A13,A23,False,3398,132,3530,1749.6914705931845,0.0008865248226950354,1237
3,A42A4400177,A42,A44,False,3399,62,3461,825.0483907818793,0.0008865248226950354,1237
3,A31A3300155,A31,A33,False,3400,13,3413,170.36649196281473,0.0008865248226950354,1237
3,A11A4100065,A11,A41,False,3406,167,3573,2217.916761283186,0.0008865248226950354,1237
3,A32A2800144,A32,A28,False,3407,56,3463,744.1560359497983,0.0008865248226950354,1237
3,A14A2700083,A14,A27,False,3408,155,3563,2066.113967754186,0.0008865248226950354,1237
3,A39A2500132,A39,A25,False,3412,24,3436,318.34308575778056,0.0008865248226950354,1237
3,A2A900004,A2,A9,False,3413,129,3542,1719.2642093204818,0.0008865248226950354,1237
3,A33A2400128,A33,A24,False,3415,57,3472,752.5799849522912,0.0008865248226950354,1237
3,A27A4400142,A27,A44,False,3415,44,3459,581.4198411328216,0.0008865248226950354,1237
3,A16A2100092,A16,A21,False,3426,26,3452,339.7823264383611,0.0008865248226950354,1237
3,A43A3000154,A43,A30,False,3438,70,3508,926.5325397935236,0.0008865248226950354,1237
3,A42A2100118,A42,A21,False,3438,67,3505,884.5975746389336,0.0008865248226950354,1237
3,A38A1100063,A38,A11,False,3440,141,3581,1871.4746520795397,0.0008865248226950354,1237
3,A15A4200090,A15,A42,False,3442,53,3495,705.4921304157316,0.0008865248226950354,1237
3,A32A600030,A32,A6,False,3447,14,3461,182.4849591241852,0.0008865248226950354,1237
3,A34A3600160,A34,A36,False,3448,43,3491,569.7980011830898,0.0008865248226950354,1237
3,A43A3600163,A43,A36,False,3453,73,3526,968.2803743119125,0.0008865248226950354,1237
3,A7A3900038,A7,A39,False,3456,11,3467,139.29526729338002,0.0008865248226950354,1237
3,A47A4500180,A47,A45,False,3461,44,3505,583.0446683536296,0.0008865248226950354,1237
3,A26A3400137,A26,A34,False,3465,38,3503,505.5761899114846,0.0008865248226950354,1237
3,A14A1300069,A14,A13,False,3471,19,3490,246.51122699113657,0.0008865248226950354,1237
3,A36EXTERIOR00167,A36,EXTERIOR,True,3476,135,3611,1800.0,0.0,1237
3,A23A4300127,A23,A43,False,3497,53,3550,704.6360427814351,0.0008865248226950354,1237
3,A37A4400170,A37,A44,False,3514,70,3584,921.2945660161772,0.0008865248226950354,1237
3,A39A700039,A39,A7,False,3518,11,3529,139.29526729338002,0.0008865248226950354,1237
3,A36A3900162,A36,A39,False,3559,52,3611,691.2184283086452,0.0008865248226950354,1237
3,A7A4800043,A7,A48,False,3574,28,3602,373.0911677117486,0.0008865248226950354,1237
3,A5A1200021,A5,A12,False,3579,124,3703,1650.9900001725334,0.0008865248226950354,1237
3,A16A1000056,A16,A10,False,3584,135,3719,1799.4972237764694,0.0008865248226950354,1237
3,A16A2000091,A16,A20,False,3586,33,3619,429.1493872657086,0.0008865248226950354,1237
3,A13A400015,A13,A4,False,3600,113,3713,1495.059054607221,0.0008865248226950354,1237
3,A13A3300074,A13,A33,False,3638,150,3788,1998.4631420018218,0.0008865248226950354,1237
3,A48A200010,A48,A2,False,3656,48,3704,630.5112281249598,0.0008865248226950354,1237
3,A1A2400002,A1,A24,False,3664,7,3671,88.12946672105942,0.0008865248226950354,1237
3,A31A1000059,A31,A10,False,3687,157,3844,2090.6119431276134,0.0008865248226950354,1237
3,A23A3700124,A23,A37,False,3720,41,3761,533.6873808682124,0.0008865248226950354,1237
3,A14A800046,A14,A8,False,3753,33,3786,438.13069136503674,0.0008865248226950354,1237
3,A5A2900023,A5,A29,False,3761,107,3868,1422.6542947521573,0.0008865248226950354,1237
3,A6A1100028,A6,A11,False,3781,135,3916,1788.1682944574457,0.0008865248226950354,1237
3,A14A1500079,A14,A15,False,3833,154,3987,2045.5561844132317,0.0008865248226950354,1237
3,A21A3100113,A21,A31,False,3841,51,3892,674.1148855469986,0.0008865248226950354,1237
3,A34EXTERIOR00020,A34,EXTERIOR,True,3845,135,3980,1800.0,0.0,1237
3,A17EXTERIOR00093,A17,EXTERIOR,True,3848,135,3983,1800.0,0.0,1237
3,A7A4300041,A7,A43,False,3848,71,3919,937.4769649982819,0.0008865248226950354,1237
3,A29A3600149,A29,A36,False,3849,96,3945,1278.9368351863052,0.0008865248226950354,1237
3,A15A1400080,A15,A14,False,3850,154,4004,2045.5561844132317,0.0008865248226950354,1237
3,A13A3600075,A13,A36,False,3853,108,3961,1431.7349496609315,0.0008865248226950354,1237
3,A24A4500129,A24,A45,False,3856,62,3918,813.3848937921429,0.0008865248226950354,1237
3,A10A2700058,A10,A27,False,3858,144,4002,1919.6556348713368,0.0008865248226950354,1237
3,A40A1800099,A40,A18,False,3858,6,3864,66.79945608228144,0.0008865248226950354,1237
3,A43A1900108,A43,A19,False,3860,34,3894,450.6976858508474,0.0008865248226950354,1237
3,A44A4100176,A44,A41,False,3862,56,3918,735.7658261621071,0.0008865248226950354,1237
3,A36A4400166,A36,A44,False,3865,27,3892,355.1970665164219,0.0008865248226950354,1237
3,A20A3900111,A20,A39,False,3865,52,3917,685.724787816723,0.0008865248226950354,1237
3,A34A4800161,A34,A48,False,3881,21,3902,270.8330479495122,0.0008865248226950354,1237
3,A48EXTERIOR00078,A48,EXTERIOR,True,3885,135,4020,1800.0,0.0,1237
3,A21A4500120,A21,A45,False,3885,76,3961,1012.1151621833345,0.0008865248226950354,1237
3,A45A2600140,A45,A26,False,3886,15,3901,195.41421305820674,0.0008865248226950354,1237
3,A36A4600168,A36,A46,False,3889,39,3928,516.2333033684338,0.0008865248226950354,1237
3,A15A3600089,A15,A36,False,3891,72,3963,956.812819786402,0.0008865248226950354,1237
3,A29A300013,A29,A3,False,3892,100,3992,1328.4161284920585,0.0008865248226950354,1237
3,A25A900052,A25,A9,False,3894,144,4038,1919.1763781522502,0.0008865248226950354,1237
3,A25A4500133,A25,A45,False,3894,24,3918,318.76935507740217,0.0008865248226950354,1237
3,A28A3800147,A28,A38,False,3895,34,3929,451.51482847937456,0.0008865248226950354,1237
3,A47A2100121,A47,A21,False,3896,35,3931,462.04042147430636,0.0008865248226950354,1237
3,A36A2900148,A36,A29,False,3903,96,3999,1278.9368351863052,0.0008865248226950354,1237
3,A40A1800101,A40,A18,False,3908,6,3914,66.79945608228144,0.0008865248226950354,1237
3,A14A3000084,A14,A30,False,3912,183,4095,2439.4966006564973,0.0008865248226950354,1237
3,A1A1800001,A1,A18,False,3919,62,3981,819.414177189591,0.0008865248226950354,1237
3,A10A800045,A10,A8,False,3920,21,3941,272.8674756401842,0.0008865248226950354,1237
3,A38A4300173,A38,A43,False,3921,65,3986,860.1246846564533,0.0008865248226950354,1237
3,A37A1400085,A37,A14,False,3924,183,4107,2433.3257649393922,0.0008865248226950354,1237
3,A7A4100040,A7,A41,False,3926,19,3945,252.9482048413815,0.0008865248226950354,1237
3,A32A3600157,A32,A36,False,3928,64,3992,844.5048532006836,0.0008865248226950354,1237
3,A2A2300005,A2,A23,False,3932,51,3983,678.3210216919751,0.0008865248226950354,1237
3,A21A3700115,A21,A37,False,3932,84,4016,1116.4745262414397,0.0008865248226950354,1237
3,A33A2000110,A33,A20,False,3933,42,3975,555.923841154327,0.0008865248226950354,1237
3,A46A4200178,A46,A42,False,3933,24,3957,314.3483432764354,0.0008865248226950354,1237
3,A5A4600024,A5,A46,False,3934,26,3960,337.21232972858866,0.0008865248226950354,1237
3,A19A2700105,A19,A27,False,3934,10,3944,120.40199705796572,0.0008865248226950354,1237
3,A3A600012,A3,A6,False,3940,20,3960,255.06550901453016,0.0008865248226950354,1237
3,A43EXTERIOR00102,A43,EXTERIOR,True,3942,135,4077,1800.0,0.0,1237
3,A13A3900076,A13,A39,False,3946,159,4105,2109.4734264293393,0.0008865248226950354,1237
3,A18A4500104,A18,A45,False,3947,43,3990,561.0595753705992,0.0008865248226950354,1237
3,A3A4300014,A3,A43,False,3951,35,3986,464.9218115731531,0.0008865248226950354,1237
3,A6A2500029,A6,A25,False,3955,39,3994,517.015369410731,0.0008865248226950354,1237
3,A36A2500131,A36,A25,False,3956,30,3986,396.1151154750224,0.0008865248226950354,1237
3,A18A2800098,A18,A28,False,3959,67,4026,881.713850154129,0.0008865248226950354,1237
3,A9A800044,A9,A8,False,3963,31,3994,406.6819270744396,0.0008865248226950354,1237
3,A35A2100114,A35,A21,False,3963,61,4024,806.7232768368044,0.0008865248226950354,1237
3,A4A2500018,A4,A25,False,3963,24,3987,308.5239214278768,0.0008865248226950354,1237
3,A46EXTERIOR00151,A46,EXTERIOR,True,3966,135,4101,1800.0,0.0,1237
3,A21A2800112,A21,A28,False,3967,65,4032,863.828311489942,0.0008865248226950354,1237
3,A11A4000064,A11,A40,False,3967,162,4129,2154.240194354,0.0008865248226950354,1237
3,A29A1500086,A29,A15,False,3972,137,4109,1817.3269073418423,0.0008865248226950354,1237
3,A39A4700175,A39,A47,False,3974,45,4019,588.5023733762257,0.0008865248226950354,1237
3,A23A3800125,A23,A38,False,3979,12,3991,159.4254415098323,0.0008865248226950354,1237
3,A7A3100035,A7,A31,False,3981,29,4010,383.3708199970227,0.0008865248226950354,1237
3,A21A4100117,A21,A41,False,3982,62,4044,822.3591281063335,0.0008865248226950354,1237
3,A36EXTERIOR00008,A36,EXTERIOR,True,3984,135,4119,1800.0,0.0,1237
3,A19A1400082,A19,A14,False,3984,164,4148,2182.872398034398,0.0008865248226950354,1237
3,A29A1200067,A29,A12,False,3986,21,4007,269.61732890957586,0.0008865248226950354,1237
3,A6A1100027,A6,A11,False,3987,135,4122,1788.1682944574457,0.0008865248226950354,1237
3,A40A2300126,A40,A23,False,3988,32,4020,424.11970839234147,0.0008865248226950354,1237
3,A47EXTERIOR00066,A47,EXTERIOR,True,3997,135,4132,1800.0,0.0,1237
3,A45A700042,A45,A7,False,3997,11,4008,140.54399182600483,0.0008865248226950354,1237
3,A24A1000057,A24,A10,False,3999,100,4099,1330.063647789128,0.0008865248226950354,1237
3,A10A4700061,A10,A47,False,4001,151,4152,2011.6905550586957,0.0008865248226950354,1237
3,A13A2200072,A13,A22,False,4005,133,4138,1764.4895555242927,0.0008865248226950354,1237
3,A7A1300034,A7,A13,False,4013,148,4161,1970.1781591384063,0.0008865248226950354,1237
3,A33A1500088,A33,A15,False,4014,25,4039,326.69049475121756,0.0008865248226950354,1237
3,A40A1800100,A40,A18,False,4026,6,4032,66.79945608228144,0.0008865248226950354,1237
3,A26A3300136,A26,A33,False,4028,30,4058,387.54230047579443,0.0008865248226950354,1237
3,A36A4700169,A36,A47,False,4031,64,4095,843.9468285810325,0.0008865248226950354,1237
3,A24A100003,A24,A1,False,4031,7,4038,88.12946672105942,0.0008865248226950354,1237
3,A7A800031,A7,A8,False,4031,133,4164,1765.0461473561031,0.0008865248226950354,1237
3,A10A1400055,A10,A14,False,4034,13,4047,168.49206531568365,0.0008865248226950354,1237
3,A28A3500146,A28,A35,False,4035,9,4044,113.38227142999922,0.0008865248226950354,1237
3,A36A4400164,A36,A44,False,4038,27,4065,355.1970665164219,0.0008865248226950354,1237
3,A6A300011,A6,A3,False,4058,20,4078,255.06550901453016,0.0008865248226950354,1237
3,A30A1700094,A30,A17,False,4105,43,4148,565.7701878468044,0.0008865248226950354,1237
3,A34A2800145,A34,A28,False,4132,39,4171,514.6335273110657,0.0008865248226950354,1237
3,A9A2800053,A9,A28,False,4144,107,4251,1421.2953230588369,0.0008865248226950354,1237
3,A7A3700036,A7,A37,False,4246,21,4267,268.95659116849157,0.0008865248226950354,1237
3,A31A2600135,A31,A26,False,4248,17,4265,217.99344128347855,0.0008865248226950354,1237
4,A36A700052,A36,A7,False,4680,42,4722,554.2424359112933,0.0008865248226950354,1238
4,A37A4700171,A37,A47,False,4680,51,4731,670.8052290631803,0.0008865248226950354,1238
4,A19A4100117,A19,A41,False,4689,31,4720,412.33169566276956,0.0008865248226950354,1238
4,A9A2700060,A9,A27,False,4691,149,4840,1985.7184241607497,0.0008865248226950354,1238
4,A4A1100021,A4,A11,False,4694,122,4816,1615.8963372503488,0.0008865248226950354,1238
4,A26A3400139,A26,A34,False,4694,38,4732,505.5761899114846,0.0008865248226950354,1238
4,A12A1000066,A12,A10,False,4704,5,4709,53.66828798643547,0.0008865248226950354,1238
4,A37A4100169,A37,A41,False,4711,23,4734,296.05597796667814,0.0008865248226950354,1238
4,A3EXTERIOR00019,A3,EXTERIOR,True,4712,135,4847,1800.0,0.0,1238
4,A7A1800045,A7,A18,False,4716,43,4759,564.1529247803155,0.0008865248226950354,1238
4,A46A3000158,A46,A30,False,4717,29,4746,383.10355187809085,0.0008865248226950354,1238
4,A36A2800150,A36,A28,False,4717,17,4734,223.60687655308075,0.0008865248226950354,1238
4,A1A2300003,A1,A23,False,4721,34,4755,443.2709269234354,0.0008865248226950354,1238
4,A22A2400122,A22,A24,False,4725,39,4764,511.011161030426,0.0008865248226950354,1238
4,A37A3600166,A37,A36,False,4726,61,4787,812.5367579628178,0.0008865248226950354,1238
4,A1A200001,A1,A2,False,4734,49,4783,647.3920582511362,0.0008865248226950354,1238
4,A32EXTERIOR00144,A32,EXTERIOR,True,4738,135,4873,1800.0,0.0,1238
4,A27A1000069,A27,A10,False,4741,144,4885,1919.6556348713368,0.0008865248226950354,1238
4,A34EXTERIOR00071,A34,EXTERIOR,True,4749,135,4884,1800.0,0.0,1238
4,A11A3600076,A11,A36,False,4750,118,4868,1570.4368939172953,0.0008865248226950354,1238
4,A5A4200035,A5,A42,False,4750,49,4799,647.152168257455,0.0008865248226950354,1238
4,A47A4500178,A47,A45,False,4751,44,4795,583.0446683536296,0.0008865248226950354,1238
4,A23A3000128,A23,A30,False,4752,39,4791,511.303458996743,0.0008865248226950354,1238
4,A17A2200102,A17,A22,False,4754,25,4779,326.53369379606335,0.0008865248226950354,1238
4,A34A1200080,A34,A12,False,4755,136,4891,1801.1052206809625,0.0008865248226950354,1238
4,A4A2900025,A4,A29,False,4758,102,4860,1351.4739524623626,0.0008865248226950354,1238
4,A41A1700105,A41,A17,False,4760,37,4797,482.48708161694253,0.0008865248226950354,1238
4,A43A600043,A43,A6,False,4761,25,4786,324.3330904705884,0.0008865248226950354,1238
4,A34EXTERIOR00136,A34,EXTERIOR,True,4761,135,4896,1800.0,0.0,1238
4,A45A3900173,A45,A39,False,4763,1,4764,6.167411446608648,0.0008865248226950354,1238
4,A9A2200059,A9,A22,False,4769,139,4908,1846.4608562208389,0.0008865248226950354,1238
4,A28A3300148,A28,A33,False,4769,59,4828,773.3347046390483,0.0008865248226950354,1238
4,A7A3900053,A7,A39,False,4780,11,4791,139.29526729338002,0.0008865248226950354,1238
4,A4A1800023,A4,A18,False,4783,53,4836,705.5465668216615,0.0008865248226950354,1238
4,A12A600037,A12,A6,False,4784,132,4916,1752.7118332683624,0.0008865248226950354,1238
4,A13A4400088,A13,A44,False,4787,104,4891,1376.5018308376052,0.0008865248226950354,1238
4,A45A3500164,A45,A35,False,4787,54,4841,709.6533005991081,0.0008865248226950354,1238
4,A28A3900151,A28,A39,False,4788,62,4850,816.2207523386639,0.0008865248226950354,1238
4,A28A700051,A28,A7,False,4797,51,4848,677.5247026415861,0.0008865248226950354,1238
4,A40A2600140,A40,A26,False,4797,27,4824,349.1142719758894,0.0008865248226950354,1238
4,A28A1700103,A28,A17,False,4803,64,4867,846.0486084555786,0.0008865248226950354,1238
4,A41A1200083,A41,A12,False,4807,164,4971,2173.424586933341,0.0008865248226950354,1238
4,A16A3500101,A16,A35,False,4807,42,4849,559.5513142135794,0.0008865248226950354,1238
4,A7A2400050,A7,A24,False,4807,51,4858,674.8869449134927,0.0008865248226950354,1238
4,A4A3500027,A4,A35,False,4807,7,4814,85.4551160258605,0.0008865248226950354,1238
4,A48EXTERIOR00147,A48,EXTERIOR,True,4810,135,4945,1800.0,0.0,1238
4,A21A2700121,A21,A27,False,4816,31,4847,402.82454804539003,0.0008865248226950354,1238
4,A43A3400162,A43,A34,False,4817,36,4853,477.1365767054583,0.0008865248226950354,1238
4,A9A1200057,A9,A12,False,4824,10,4834,132.03695224578755,0.0008865248226950354,1238
4,A27A4300145,A27,A43,False,4827,30,4857,397.9984944087452,0.0008865248226950354,1238
4,A37A400029,A37,A4,False,4837,57,4894,757.925779893155,0.0008865248226950354,1238
4,A20A1100073,A20,A11,False,4839,119,4958,1585.1105125920988,0.0008865248226950354,1238
4,A10A4000072,A10,A40,False,4841,155,4996,2063.451224266976,0.0008865248226950354,1238
4,A6A3600040,A6,A36,False,4842,51,4893,667.894243383563,0.0008865248226950354,1238
4,A29A1400091,A29,A14,False,4845,31,4876,401.21569675427605,0.0008865248226950354,1238
4,A23A700049,A23,A7,False,4848,22,4870,280.76508743691755,0.0008865248226950354,1238
4,A21A700048,A21,A7,False,4850,72,4922,954.572046913515,0.0008865248226950354,1238
4,A5A2200033,A5,A22,False,4850,32,4882,418.23348101665704,0.0008865248226950354,1238
4,A13A2400085,A13,A24,False,4854,98,4952,1305.8278777645626,0.0008865248226950354,1238
4,A11A2900075,A11,A29,False,4855,25,4880,331.6232399595848,0.0008865248226950354,1238
4,A14A3500093,A14,A35,False,4857,120,4977,1596.5532252939047,0.0008865248226950354,1238
4,A33A1400092,A33,A14,False,4857,162,5019,2149.829272517863,0.0008865248226950354,1238
4,A14A2700090,A14,A27,False,4857,155,5012,2066.113967754186,0.0008865248226950354,1238
4,A2A3800013,A2,A38,False,4860,63,4923,829.8466460407933,0.0008865248226950354,1238
4,A26A4600143,A26,A46,False,4866,23,4889,296.00122406381377,0.0008865248226950354,1238
4,A16A400022,A16,A4,False,4878,39,4917,510.43208684418425,0.0008865248226950354,1238
4,A5A2400034,A5,A24,False,4880,22,4902,286.2796358151058,0.0008865248226950354,1238
4,A17A800054,A17,A8,False,4881,138,5019,1828.3101587609563,0.0008865248226950354,1238
4,A44A2600142,A44,A26,False,4883,61,4944,811.0808754905257,0.0008865248226950354,1238
4,A20A1900112,A20,A19,False,4887,48,4935,627.9392358767017,0.0008865248226950354,1238
4,A29A1600100,A29,A16,False,4887,127,5014,1682.881154334605,0.0008865248226950354,1238
4,A7A2100047,A7,A21,False,4888,72,4960,954.572046913515,0.0008865248226950354,1238
4,A9A3000062,A9,A30,False,4893,178,5071,2367.3869458610043,0.0008865248226950354,1238
4,A37A900064,A37,A9,False,4897,178,5075,2367.625401717146,0.0008865248226950354,1238
4,A22A3600123,A22,A36,False,4900,44,4944,581.1605752363279,0.0008865248226950354,1238
4,A39A100009,A39,A1,False,4903,63,4966,830.9705212672968,0.0008865248226950354,1238
4,A39A2200126,A39,A22,False,4903,42,4945,548.4509881306111,0.0008865248226950354,1238
4,A10A3300070,A10,A33,False,4903,151,5054,2000.5453991919555,0.0008865248226950354,1238
4,A35A400026,A35,A4,False,4907,7,4914,85.4551160258605,0.0008865248226950354,1238
4,A14A1000067,A14,A10,False,4909,13,4922,168.49206531568365,0.0008865248226950354,1238
4,A8A300017,A8,A3,False,4912,96,5008,1267.4394046079499,0.0008865248226950354,1238
4,A15A1900094,A15,A19,False,4922,20,4942,254.58626953807254,0.0008865248226950354,1238
4,A38A3700168,A38,A37,False,4941,38,4979,495.2348118373282,0.0008865248226950354,1238
4,A19A2500113,A19,A25,False,4970,45,5015,591.1415511484166,0.0008865248226950354,1238
4,A38A4700172,A38,A47,False,4975,45,5020,589.8131875059713,0.0008865248226950354,1238
4,A9A300018,A9,A3,False,4986,115,5101,1521.706466702384,0.0008865248226950354,1238
4,A45A2700146,A45,A27,False,4996,47,5043,613.7690658845478,0.0008865248226950354,1238
4,A11A3900077,A11,A39,False,5021,168,5189,2237.4290968030114,0.0008865248226950354,1238
4,A20A1600099,A20,A16,False,5035,33,5068,429.1493872657086,0.0008865248226950354,1238
4,A30A1900115,A30,A19,False,5048,37,5085,490.7134046513837,0.0008865248226950354,1238
4,A30A2400133,A30,A24,False,5057,72,5129,956.0000719054694,0.0008865248226950354,1238
4,A31A2600138,A31,A26,False,5068,17,5085,217.99344128347855,0.0008865248226950354,1238
4,A34A3000155,A34,A30,False,5084,44,5128,575.3487975162816,0.0008865248226950354,1238
4,A18A2100107,A18,A21,False,5092,41,5133,534.0359717374856,0.0008865248226950354,1238
4,A21A1500095,A21,A15,False,5098,15,5113,192.0270664396943,0.0008865248226950354,1238
4,A30A3500156,A30,A35,False,5154,64,5218,853.1000870453315,0.0008865248226950354,1238
4,A20A2800118,A20,A28,False,5173,17,5190,220.4014013604638,0.0008865248226950354,1238
4,A22A3600124,A22,A36,False,5201,44,5245,581.1605752363279,0.0008865248226950354,1238
4,A45A1100079,A45,A11,False,5209,168,5377,2238.1932993382165,0.0008865248226950354,1238
4,A40A1800111,A40,A18,False,5226,6,5232,66.79945608228144,0.0008865248226950354,1238
4,A40A2300130,A40,A23,False,5235,32,5267,424.11970839234147,0.0008865248226950354,1238
4,A17A3000104,A17,A30,False,5266,43,5309,565.7701878468044,0.0008865248226950354,1238
4,A26A1900114,A26,A19,False,5290,36,5326,468.0797890904367,0.0008865248226950354,1238
4,A46EXTERIOR00120,A46,EXTERIOR,True,5290,135,5425,1800.0,0.0,1238
4,A34EXTERIOR00161,A34,EXTERIOR,True,5292,135,5427,1800.0,0.0,1238
4,A4A3600028,A4,A36,False,5316,17,5333,224.21806206430978,0.0008865248226950354,1238
4,A47A3500165,A47,A35,False,5318,53,5371,705.0701316829714,0.0008865248226950354,1238
4,A44A900065,A44,A9,False,5324,111,5435,1473.7958414577865,0.0008865248226950354,1238
4,A9A3600063,A9,A36,False,5325,119,5444,1579.3571506477688,0.0008865248226950354,1238
4,A39A4500174,A39,A45,False,5325,1,5326,6.167411446608648,0.0008865248226950354,1238
4,A11A4300078,A11,A43,False,5328,138,5466,1829.8364514934963,0.0008865248226950354,1238
4,A28A4400153,A28,A44,False,5331,14,5345,177.57356996025786,0.0008865248226950354,1238
4,A2A4100014,A2,A41,False,5338,62,5400,823.2924321634033,0.0008865248226950354,1238
4,A33A1500096,A33,A15,False,5338,25,5363,326.69049475121756,0.0008865248226950354,1238
4,A15A4700098,A15,A47,False,5340,21,5361,278.7434753676478,0.0008865248226950354,1238
4,A32A300020,A32,A3,False,5342,32,5374,422.5177170611781,0.0008865248226950354,1238
4,A13A4000087,A13,A40,False,5344,155,5499,2060.3646504411454,0.0008865248226950354,1238
4,A18A3300109,A18,A33,False,5348,9,5357,108.48214377814386,0.0008865248226950354,1238
4,A16A700044,A16,A7,False,5361,47,5408,615.2885817300005,0.0008865248226950354,1238
4,A42A800056,A42,A8,False,5361,150,5511,1991.2071859985906,0.0008865248226950354,1238
4,A1A1800002,A1,A18,False,5372,62,5434,819.414177189591,0.0008865248226950354,1238
4,A44A2200127,A44,A22,False,5373,30,5403,396.0065091648905,0.0008865248226950354,1238
4,A11A600036,A11,A6,False,5377,135,5512,1788.1682944574457,0.0008865248226950354,1238
4,A37A1800110,A37,A18,False,5377,48,5425,633.4509427645578,0.0008865248226950354,1238
4,A38EXTERIOR00134,A38,EXTERIOR,True,5385,135,5520,1800.0,0.0,1238
4,A6A1800038,A6,A18,False,5389,31,5420,406.73463278062343,0.0008865248226950354,1238
4,A41A3000157,A41,A30,False,5391,12,5403,158.02405953859147,0.0008865248226950354,1238
4,A12A4000082,A12,A40,False,5393,159,5552,2116.1041941027,0.0008865248226950354,1238
4,A35A100007,A35,A1,False,5393,11,5404,140.11490037445142,0.0008865248226950354,1238
4,A21A600039,A21,A6,False,5395,27,5422,353.14423256789775,0.0008865248226950354,1238
4,A5A1300032,A5,A13,False,5396,118,5514,1571.1255499877277,0.0008865248226950354,1238
4,A43A3500163,A43,A35,False,5396,58,5454,767.838961056924,0.0008865248226950354,1238
4,A45A4800179,A45,A48,False,5396,30,5426,392.70813602708904,0.0008865248226950354,1238
4,A43A4800177,A43,A48,False,5396,47,5443,621.7555663726616,0.0008865248226950354,1238
4,A29A900061,A29,A9,False,5397,29,5426,380.9250504766648,0.0008865248226950354,1238
4,A13A2100084,A13,A21,False,5397,137,5534,1818.192364967141,0.0008865248226950354,1238
4,A45EXTERIOR00030,A45,EXTERIOR,True,5398,135,5533,1800.0,0.0,1238
4,A38EXTERIOR00081,A38,EXTERIOR,True,5399,135,5534,1800.0,0.0,1238
4,A46A2400135,A46,A24,False,5399,44,5443,574.3261376830299,0.0008865248226950354,1238
4,A39A2200125,A39,A22,False,5407,42,5449,548.4509881306111,0.0008865248226950354,1238
4,A36A2800149,A36,A28,False,5411,17,5428,223.60687655308075,0.0008865248226950354,1238
4,A48A4600180,A48,A46,False,5413,19,5432,246.95995968802353,0.0008865248226950354,1238
4,A38A2300129,A38,A23,False,5415,12,5427,159.4254415098323,0.0008865248226950354,1238
4,A5A600031,A5,A6,False,5416,40,5456,530.5473281548584,0.0008865248226950354,1238
4,A25A1100074,A25,A11,False,5418,144,5562,1919.8271566102674,0.0008865248226950354,1238
4,A34EXTERIOR00005,A34,EXTERIOR,True,5418,135,5553,1800.0,0.0,1238
4,A40A1900116,A40,A19,False,5427,9,5436,119.17094010727045,0.0008865248226950354,1238
4,A4A2300024,A4,A23,False,5436,20,5456,257.9347494192907,0.0008865248226950354,1238
4,A25A3700137,A25,A37,False,5437,34,5471,449.52975175053353,0.0008865248226950354,1238
4,A42A4400176,A42,A44,False,5438,62,5500,825.0483907818793,0.0008865248226950354,1238
4,A20A700046,A20,A7,False,5439,42,5481,555.3925757752291,0.0008865248226950354,1238
4,A29EXTERIOR00154,A29,EXTERIOR,True,5439,135,5574,1800.0,0.0,1238
4,A42A2300132,A42,A23,False,5444,34,5478,442.1159868037708,0.0008865248226950354,1238
4,A36A600041,A36,A6,False,5448,51,5499,667.894243383563,0.0008865248226950354,1238
4,A15A3600097,A15,A36,False,5457,72,5529,956.812819786402,0.0008865248226950354,1238
4,A48A1300089,A48,A13,False,5459,151,5610,2004.716091057649,0.0008865248226950354,1238
4,A37EXTERIOR00170,A37,EXTERIOR,True,5460,135,5595,1800.0,0.0,1238
4,A1A3800008,A1,A38,False,5462,36,5498,479.08138123112826,0.0008865248226950354,1238
4,A30A200011,A30,A2,False,5463,71,5534,943.0741067955004,0.0008865248226950354,1238
4,A41A4300175,A41,A43,False,5465,62,5527,816.135051096378,0.0008865248226950354,1238
4,A46A2000119,A46,A20,False,5466,32,5498,421.64492971860113,0.0008865248226950354,1238
4,A1A2300004,A1,A23,False,5467,34,5501,443.2709269234354,0.0008865248226950354,1238
4,A2A700010,A2,A7,False,5471,70,5541,924.6705502366441,0.0008865248226950354,1238
4,A44A2800152,A44,A28,False,5477,14,5491,177.57356996025786,0.0008865248226950354,1238
4,A6A3800042,A6,A38,False,5489,41,5530,536.0949185666625,0.0008865248226950354,1238
4,A2A4600015,A2,A46,False,5490,57,5547,750.864137257965,0.0008865248226950354,1238
4,A33A4300160,A33,A43,False,5495,38,5533,502.28866607054994,0.0008865248226950354,1238
4,A10A2500068,A10,A25,False,5513,137,5650,1822.6490326390226,0.0008865248226950354,1238
4,A43A1700106,A43,A17,False,5514,29,5543,378.24504082613214,0.0008865248226950354,1238
4,A41A2300131,A41,A23,False,5557,27,5584,354.90389883084464,0.0008865248226950354,1238
4,A20A900058,A20,A9,False,5559,119,5678,1576.1568368413232,0.0008865248226950354,1238
4,A36A3800167,A36,A38,False,5567,26,5593,336.5489354925781,0.0008865248226950354,1238
4,A32EXTERIOR00159,A32,EXTERIOR,True,5592,135,5727,1800.0,0.0,1238
4,A3A500016,A3,A5,False,5619,34,5653,452.5030820892662,0.0008865248226950354,1238
4,A35A1300086,A35,A13,False,5635,106,5741,1409.627510025453,0.0008865248226950354,1238
4,A35A100006,A35,A1,False,5646,11,5657,140.11490037445142,0.0008865248226950354,1238
4,A36A200012,A36,A2,False,5652,69,5721,914.8887566832609,0.0008865248226950354,1238
4,A28A800055,A28,A8,False,5679,83,5762,1095.3819524121668,0.0008865248226950354,1238
4,A41A2600141,A41,A26,False,5685,6,5691,79.45261505215261,0.0008865248226950354,1238
4,A23A1800108,A23,A18,False,5687,37,5724,489.43976309618967,0.0008865248226950354,1238
5,A30A400036,A30,A4,False,6120,58,6178,767.8035341303005,0.0008865248226950354,1239
5,A28EXTERIOR00111,A28,EXTERIOR,True,6120,135,6255,1800.0,0.0,1239
5,A4A2800035,A4,A28,False,6125,15,6140,198.34838143327414,0.0008865248226950354,1239
5,A30A1900117,A30,A19,False,6125,37,6162,490.7134046513837,0.0008865248226950354,1239
5,A2A3800015,A2,A38,False,6136,63,6199,829.8466460407933,0.0008865248226950354,1239
5,A5A2400043,A5,A24,False,6143,22,6165,286.2796358151058,0.0008865248226950354,1239
5,A36A4400172,A36,A44,False,6153,27,6180,355.1970665164219,0.0008865248226950354,1239
5,A10A700053,A10,A7,False,6158,151,6309,2000.9661566290476,0.0008865248226950354,1239
5,A1A1400003,A1,A14,False,6160,112,6272,1488.0965202409527,0.0008865248226950354,1239
5,A11A4100082,A11,A41,False,6171,167,6338,2217.916761283186,0.0008865248226950354,1239
5,A32A3700152,A32,A37,False,6177,67,6244,880.9690981995344,0.0008865248226950354,1239
5,A28A3600142,A28,A36,False,6179,17,6196,223.60687655308075,0.0008865248226950354,1239
5,A31A2900145,A31,A29,False,6185,146,6331,1945.5081005759225,0.0008865248226950354,1239
5,A2A600007,A2,A6,False,6185,23,6208,296.7203067138405,0.0008865248226950354,1239
5,A43A2700140,A43,A27,False,6185,30,6215,397.9984944087452,0.0008865248226950354,1239
5,A33A1600106,A33,A16,False,6187,17,6204,225.389435573005,0.0008865248226950354,1239
5,A20A2800119,A20,A28,False,6189,17,6206,220.4014013604638,0.0008865248226950354,1239
5,A25A4800135,A25,A48,False,6195,29,6224,378.20846175210755,0.0008865248226950354,1239
5,A41A300032,A41,A3,False,6197,55,6252,725.5073751598142,0.0008865248226950354,1239
5,A12A1500085,A12,A15,False,6198,148,6346,1963.954619535641,0.0008865248226950354,1239
5,A9A3200071,A9,A32,False,6201,143,6344,1893.9332279962541,0.0008865248226950354,1239
5,A3A1800022,A3,A18,False,6202,49,6251,651.2342728616712,0.0008865248226950354,1239
5,A8A2800062,A8,A28,False,6204,83,6287,1095.3819524121668,0.0008865248226950354,1239
5,A34A200014,A34,A2,False,6205,35,6240,455.0284087517573,0.0008865248226950354,1239
5,A26A4700138,A26,A47,False,6208,33,6241,435.4507370576213,0.0008865248226950354,1239
5,A15A2800102,A15,A28,False,6210,65,6275,853.8386145260547,0.0008865248226950354,1239
5,A6A3200050,A6,A32,False,6211,14,6225,182.4849591241852,0.0008865248226950354,1239
5,A31EXTERIOR00151,A31,EXTERIOR,True,6220,135,6355,1800.0,0.0,1239
5,A46A700060,A46,A7,False,6224,14,6238,174.13656987862987,0.0008865248226950354,1239
5,A33EXTERIOR00158,A33,EXTERIOR,True,6224,135,6359,1800.0,0.0,1239
5,A26A1400094,A26,A14,False,6226,177,6403,2355.383745287878,0.0008865248226950354,1239
5,A12EXTERIOR00086,A12,EXTERIOR,True,6228,135,6363,1800.0,0.0,1239
5,A9A300019,A9,A3,False,6230,115,6345,1521.706466702384,0.0008865248226950354,1239
5,A38A4700174,A38,A47,False,6231,45,6276,589.8131875059713,0.0008865248226950354,1239
5,A10A2300075,A10,A23,False,6234,133,6367,1770.539265321903,0.0008865248226950354,1239
5,A27A4000139,A27,A40,False,6234,13,6247,168.7897108870679,0.0008865248226950354,1239
5,A13A1600088,A13,A16,False,6235,136,6371,1803.9084966500502,0.0008865248226950354,1239
5,A40EXTERIOR00175,A40,EXTERIOR,True,6245,135,6380,1800.0,0.0,1239
5,A45A3200154,A45,A32,False,6245,59,6304,776.3129773411855,0.0008865248226950354,1239
5,A38A3400161,A38,A34,False,6245,29,6274,386.1277676149036,0.0008865248226950354,1239
5,A24A3200131,A24,A32,False,6246,54,6300,717.5547751227051,0.0008865248226950354,1239
5,A29EXTERIOR00026,A29,EXTERIOR,True,6247,135,6382,1800.0,0.0,1239
5,A20A3400120,A20,A34,False,6247,23,6270,295.16049820258695,0.0008865248226950354,1239
5,A28A3800143,A28,A38,False,6247,34,6281,451.51482847937456,0.0008865248226950354,1239
5,A45A4300178,A45,A43,False,6248,76,6324,1000.611019967277,0.0008865248226950354,1239
5,A32A2500133,A32,A25,False,6250,49,6299,643.9533251922243,0.0008865248226950354,1239
5,A13A2700091,A13,A27,False,6251,145,6396,1921.8863114042247,0.0008865248226950354,1239
5,A29A3600147,A29,A36,False,6255,96,6351,1278.9368351863052,0.0008865248226950354,1239
5,A34A500045,A34,A5,False,6261,31,6292,410.29758549716223,0.0008865248226950354,1239
5,A21A4700126,A21,A47,False,6263,35,6298,462.04042147430636,0.0008865248226950354,1239
5,A44A2000122,A44,A20,False,6266,8,6274,104.08312289977523,0.0008865248226950354,1239
5,A7A200008,A7,A2,False,6267,70,6337,924.6705502366441,0.0008865248226950354,1239
5,A21EXTERIOR00124,A21,EXTERIOR,True,6268,135,6403,1800.0,0.0,1239
5,A3A1600021,A3,A16,False,6277,27,6304,355.1206024922491,0.0008865248226950354,1239
5,A26A3600136,A26,A36,False,6278,61,6339,800.025744715035,0.0008865248226950354,1239
5,A14A1700093,A14,A17,False,6281,161,6442,2143.6576431662343,0.0008865248226950354,1239
5,A7A4000058,A7,A40,False,6284,38,6322,501.312702637347,0.0008865248226950354,1239
5,A46A3300160,A46,A33,False,6286,28,6314,364.09783295408687,0.0008865248226950354,1239
5,A7A4400059,A7,A44,False,6287,50,6337,657.3048778245856,0.0008865248226950354,1239
5,A33A3400156,A33,A34,False,6289,20,6309,262.44987814383717,0.0008865248226950354,1239
5,A32A4400153,A32,A44,False,6289,44,6333,574.4366973770883,0.0008865248226950354,1239
5,A27A1500101,A27,A15,False,6294,18,6312,238.11223844940528,0.0008865248226950354,1239
5,A9A2200069,A9,A22,False,6298,139,6437,1846.4608562208389,0.0008865248226950354,1239
5,A6A1000047,A6,A10,False,6298,128,6426,1699.558171459832,0.0008865248226950354,1239
5,A42EXTERIOR00107,A42,EXTERIOR,True,6301,135,6436,1800.0,0.0,1239
5,A2A2200010,A2,A22,False,6304,35,6339,464.58199572944847,0.0008865248226950354,1239
5,A22A2700127,A22,A27,False,6309,16,6325,206.86022000210818,0.0008865248226950354,1239
5,A30A1700112,A30,A17,False,6313,43,6356,565.7701878468044,0.0008865248226950354,1239
5,A4EXTERIOR00037,A4,EXTERIOR,True,6313,135,6448,1800.0,0.0,1239
5,A3A2000023,A3,A20,False,6315,16,6331,207.9509916362374,0.0008865248226950354,1239
5,A23A2100123,A23,A21,False,6315,55,6370,729.6229904324744,0.0008865248226950354,1239
5,A8A4800067,A8,A48,False,6316,136,6452,1810.4701413106818,0.0008865248226950354,1239
5,A45A3500169,A45,A35,False,6333,54,6387,709.6533005991081,0.0008865248226950354,1239
5,A14A4100097,A14,A41,False,6336,172,6508,2281.551551640938,0.0008865248226950354,1239
5,A38A800065,A38,A8,False,6343,116,6459,1538.0778966196997,0.0008865248226950354,1239
5,A28A3300141,A28,A33,False,6344,59,6403,773.3347046390483,0.0008865248226950354,1239
5,A15A700056,A15,A7,False,6354,61,6415,809.7695451561029,0.0008865248226950354,1239
5,A11A4500083,A11,A45,False,6359,168,6527,2238.1932993382165,0.0008865248226950354,1239
5,A37A600052,A37,A6,False,6373,63,6436,833.7556312764403,0.0008865248226950354,1239
5,A48A400039,A48,A4,False,6383,42,6425,549.9939875552544,0.0008865248226950354,1239
5,A32A1400095,A32,A14,False,6408,149,6557,1977.147108284022,0.0008865248226950354,1239
5,A10A500040,A10,A5,False,6412,121,6533,1602.7696365743534,0.0008865248226950354,1239
5,A26A4600137,A26,A46,False,6422,23,6445,296.00122406381377,0.0008865248226950354,1239
5,A34A2500134,A34,A25,False,6447,28,6475,361.53724299396333,0.0008865248226950354,1239
5,A25A2300129,A25,A23,False,6462,11,6473,135.0700927482782,0.0008865248226950354,1239
5,A42A3500166,A42,A35,False,6463,59,6522,784.0106972275527,0.0008865248226950354,1239
5,A5A2000041,A5,A20,False,6470,19,6489,245.7884646215292,0.0008865248226950354,1239
5,A19A1500099,A19,A15,False,6471,20,6491,254.58626953807254,0.0008865248226950354,1239
5,A31A3500150,A31,A35,False,6531,53,6584,699.1580015384563,0.0008865248226950354,1239
5,A41A100006,A41,A1,False,6539,60,6599,793.7366232531334,0.0008865248226950354,1239
5,A35A4500168,A35,A45,False,6546,54,6600,709.6533005991081,0.0008865248226950354,1239
5,A46A200016,A46,A2,False,6551,57,6608,750.864137257965,0.0008865248226950354,1239
5,A24A300024,A24,A3,False,6586,25,6611,329.83554684704126,0.0008865248226950354,1239
5,A41A500046,A41,A5,False,6640,43,6683,566.9426390713309,0.0008865248226950354,1239
5,A35A4000165,A35,A40,False,6652,54,6706,718.834640889087,0.0008865248226950354,1239
5,A22A200011,A22,A2,False,6679,35,6714,464.58199572944847,0.0008865248226950354,1239
5,A37A4700173,A37,A47,False,6692,51,6743,670.8052290631803,0.0008865248226950354,1239
5,A5A2200042,A5,A22,False,6712,32,6744,418.23348101665704,0.0008865248226950354,1239
5,A41A1400096,A41,A14,False,6727,172,6899,2281.551551640938,0.0008865248226950354,1239
5,A34A3100149,A34,A31,False,6727,27,6754,346.98618078493945,0.0008865248226950354,1239
5,A48A200017,A48,A2,False,6731,48,6779,630.5112281249598,0.0008865248226950354,1239
5,A16A1900105,A16,A19,False,6739,18,6757,238.21734109645834,0.0008865248226950354,1239
5,A22A4300128,A22,A43,False,6741,37,6778,483.4186967159427,0.0008865248226950354,1239
5,A1A3500005,A1,A35,False,6753,11,6764,140.11490037445142,0.0008865248226950354,1239
5,A39A1200087,A39,A12,False,6758,165,6923,2188.661914077755,0.0008865248226950354,1239
5,A9A2700070,A9,A27,False,6760,149,6909,1985.7184241607497,0.0008865248226950354,1239
5,A45A400038,A45,A4,False,6762,47,6809,626.4356547638554,0.0008865248226950354,1239
5,A10A200009,A10,A2,False,6765,126,6891,1676.2116588445294,0.0008865248226950354,1239
5,A15A1000073,A15,A10,False,6767,144,6911,1910.3038243754127,0.0008865248226950354,1239
5,A15A600049,A15,A6,False,6768,23,6791,293.346386146634,0.0008865248226950354,1239
5,A21A700057,A21,A7,False,6770,72,6842,954.572046913515,0.0008865248226950354,1239
5,A7A4700061,A7,A47,False,6783,43,6826,563.2699905789373,0.0008865248226950354,1239
5,A21A1700110,A21,A17,False,6783,28,6811,369.39952519917847,0.0008865248226950354,1239
5,A48A4700179,A48,A47,False,6785,15,6800,192.39910112679345,0.0008865248226950354,1239
5,A30A1800116,A30,A18,False,6787,31,6818,407.083471880233,0.0008865248226950354,1239
5,A15A2200100,A15,A22,False,6787,30,6817,397.02676347674225,0.0008865248226950354,1239
5,A8A3600064,A8,A36,False,6788,92,6880,1224.4968953725265,0.0008865248226950354,1239
5,A47A3400163,A47,A34,False,6789,22,6811,292.1215551648934,0.0008865248226950354,1239
5,A11A3500081,A11,A35,False,6790,115,6905,1530.9801170791595,0.0008865248226950354,1239
5,A48A4700180,A48,A47,False,6792,15,6807,192.39910112679345,0.0008865248226950354,1239
5,A31A100004,A31,A1,False,6792,58,6850,771.1903157175815,0.0008865248226950354,1239
5,A36A1500104,A36,A15,False,6799,72,6871,956.812819786402,0.0008865248226950354,1239
5,A31A300028,A31,A3,False,6804,50,6854,654.9087981633721,0.0008865248226950354,1239
5,A43A3600171,A43,A36,False,6806,73,6879,968.2803743119125,0.0008865248226950354,1239
5,A36A4300170,A36,A43,False,6807,73,6880,968.2803743119125,0.0008865248226950354,1239
5,A30EXTERIOR00148,A30,EXTERIOR,True,6809,135,6944,1800.0,0.0,1239
5,A13A100002,A13,A1,False,6810,99,6909,1312.19314365961,0.0008865248226950354,1239
5,A35A1700113,A35,A17,False,6811,57,6868,751.6685022480239,0.0008865248226950354,1239
5,A5A2900044,A5,A29,False,6811,107,6918,1422.6542947521573,0.0008865248226950354,1239
5,A3A4000031,A3,A40,False,6813,46,6859,612.9579102539792,0.0008865248226950354,1239
5,A21A1800114,A21,A18,False,6814,41,6855,534.0359717374856,0.0008865248226950354,1239
5,A36A1900118,A36,A19,False,6817,67,6884,890.7647109236761,0.0008865248226950354,1239
5,A13A1200084,A13,A12,False,6817,9,6826,117.57210879117987,0.0008865248226950354,1239
5,A18A1500098,A18,A15,False,6827,26,6853,343.95225710323007,0.0008865248226950354,1239
5,A6EXTERIOR00048,A6,EXTERIOR,True,6828,135,6963,1800.0,0.0,1239
5,A48A3200155,A48,A32,False,6828,30,6858,393.2762017501522,0.0008865248226950354,1239
5,A37A300029,A37,A3,False,6829,72,6901,956.9819895348676,0.0008865248226950354,1239
5,A33A4100159,A33,A41,False,6831,25,6856,323.5519055729154,0.0008865248226950354,1239
5,A47A4000177,A47,A40,False,6832,7,6839,89.90005993086052,0.0008865248226950354,1239
5,A6A100001,A6,A1,False,6832,36,6868,469.5399908568733,0.0008865248226950354,1239
5,A21A4400125,A21,A44,False,6839,52,6891,686.2592950501278,0.0008865248226950354,1239
5,A46EXTERIOR00072,A46,EXTERIOR,True,6840,135,6975,1800.0,0.0,1239
5,A4A1100034,A4,A11,False,6843,122,6965,1615.8963372503488,0.0008865248226950354,1239
5,A6A300018,A6,A3,False,6845,20,6865,255.06550901453016,0.0008865248226950354,1239
5,A23A4500130,A23,A45,False,6846,31,6877,400.74784226286096,0.0008865248226950354,1239
5,A28EXTERIOR00103,A28,EXTERIOR,True,6846,135,6981,1800.0,0.0,1239
5,A38EXTERIOR00144,A38,EXTERIOR,True,6851,135,6986,1800.0,0.0,1239
5,A27A1800115,A27,A18,False,6851,14,6865,186.44674635323247,0.0008865248226950354,1239
5,A17A1900109,A17,A19,False,6853,6,6859,75.38532279638666,0.0008865248226950354,1239
5,A3A3900030,A3,A39,False,6854,63,6917,827.8233017784099,0.0008865248226950354,1239
5,A3A3000027,A3,A30,False,6861,66,6927,879.1202137071274,0.0008865248226950354,1239
5,A33A3500157,A33,A35,False,6862,51,6913,668.7824396299801,0.0008865248226950354,1239
5,A34A4500162,A34,A45,False,6865,43,6908,560.7570976607178,0.0008865248226950354,1239
5,A11A1200078,A11,A12,False,6867,5,6872,62.62128406043632,0.0008865248226950354,1239
5,A12A700054,A12,A7,False,6869,154,7023,2049.492683000933,0.0008865248226950354,1239
5,A35A4400167,A35,A44,False,6871,12,6883,149.52820750058552,0.0008865248226950354,1239
5,A29A200012,A29,A2,False,6871,120,6991,1599.86548008655,0.0008865248226950354,1239
5,A3A1300020,A3,A13,False,6871,109,6980,1451.6895778778592,0.0008865248226950354,1239
5,A37A3500164,A37,A35,False,6873,64,6937,840.4822326966736,0.0008865248226950354,1239
5,A29A3300146,A29,A33,False,6874,141,7015,1870.808436155712,0.0008865248226950354,1239
5,A8EXTERIOR00066,A8,EXTERIOR,True,6876,135,7011,1800.0,0.0,1239
5,A29A200013,A29,A2,False,6879,120,6999,1599.86548008655,0.0008865248226950354,1239
5,A26A1300090,A26,A13,False,6886,164,7050,2175.1572427355086,0.0008865248226950354,1239
5,A16A4700108,A16,A47,False,6895,17,6912,217.6504066616862,0.0008865248226950354,1239
5,A24A300025,A24,A3,False,6896,25,6921,329.83554684704126,0.0008865248226950354,1239
5,A24A3700132,A24,A37,False,6901,71,6972,943.8409412217021,0.0008865248226950354,1239
5,A11A2800080,A11,A28,False,6902,107,7009,1421.610826190144,0.0008865248226950354,1239
5,A38A2000121,A38,A20,False,6908,27,6935,354.93950980470873,0.0008865248226950354,1239
5,A5A400033,A5,A4,False,6912,10,6922,130.87158264662904,0.0008865248226950354,1239
5,A13A4400092,A13,A44,False,6920,104,7024,1376.5018308376052,0.0008865248226950354,1239
5,A13A700055,A13,A7,False,6924,148,7072,1970.1781591384063,0.0008865248226950354,1239
5,A32A800063,A32,A8,False,6929,126,7055,1673.442419847223,0.0008865248226950354,1239
5,A39A4500176,A39,A45,False,6943,1,6944,6.167411446608648,0.0008865248226950354,1239
5,A21A1300089,A21,A13,False,6946,137,7083,1818.192364967141,0.0008865248226950354,1239
5,A28A1100079,A28,A11,False,6954,107,7061,1421.610826190144,0.0008865248226950354,1239
5,A35A600051,A35,A6,False,6969,37,7006,482.4855497999318,0.0008865248226950354,1239
5,A19A1000074,A19,A10,False,7025,153,7178,2037.541575393021,0.0008865248226950354,1239
5,A9A2200068,A9,A22,False,7079,139,7218,1846.4608562208389,0.0008865248226950354,1239
5,A10A3800077,A10,A38,False,7083,134,7217,1773.9701156559408,0.0008865248226950354,1239
5,A10A2500076,A10,A25,False,7084,137,7221,1822.6490326390226,0.0008865248226950354,1239
